Date,MSFT|Buy&Hold,MSFT|SMA 50/200 (Golden Cross),MSFT|SMA 10/20 (backtesting.py),MSFT|RSI(2) MeanRev (Connors),MSFT|Bollinger MeanRev,MSFT|MACD Crossover,MSFT|Donchian Breakout (Turtle),NVDA|Buy&Hold,NVDA|SMA 50/200 (Golden Cross),NVDA|SMA 10/20 (backtesting.py),NVDA|RSI(2) MeanRev (Connors),NVDA|Bollinger MeanRev,NVDA|MACD Crossover,NVDA|Donchian Breakout (Turtle),TSLA|Buy&Hold,TSLA|SMA 50/200 (Golden Cross),TSLA|SMA 10/20 (backtesting.py),TSLA|RSI(2) MeanRev (Connors),TSLA|Bollinger MeanRev,TSLA|MACD Crossover,TSLA|Donchian Breakout (Turtle),AMZN|Buy&Hold,AMZN|SMA 50/200 (Golden Cross),AMZN|SMA 10/20 (backtesting.py),AMZN|RSI(2) MeanRev (Connors),AMZN|Bollinger MeanRev,AMZN|MACD Crossover,AMZN|Donchian Breakout (Turtle),GOOGL|Buy&Hold,GOOGL|SMA 50/200 (Golden Cross),GOOGL|SMA 10/20 (backtesting.py),GOOGL|RSI(2) MeanRev (Connors),GOOGL|Bollinger MeanRev,GOOGL|MACD Crossover,GOOGL|Donchian Breakout (Turtle),META|Buy&Hold,META|SMA 50/200 (Golden Cross),META|SMA 10/20 (backtesting.py),META|RSI(2) MeanRev (Connors),META|Bollinger MeanRev,META|MACD Crossover,META|Donchian Breakout (Turtle),JPM|Buy&Hold,JPM|SMA 50/200 (Golden Cross),JPM|SMA 10/20 (backtesting.py),JPM|RSI(2) MeanRev (Connors),JPM|Bollinger MeanRev,JPM|MACD Crossover,JPM|Donchian Breakout (Turtle),KO|Buy&Hold,KO|SMA 50/200 (Golden Cross),KO|SMA 10/20 (backtesting.py),KO|RSI(2) MeanRev (Connors),KO|Bollinger MeanRev,KO|MACD Crossover,KO|Donchian Breakout (Turtle),XOM|Buy&Hold,XOM|SMA 50/200 (Golden Cross),XOM|SMA 10/20 (backtesting.py),XOM|RSI(2) MeanRev (Connors),XOM|Bollinger MeanRev,XOM|MACD Crossover,XOM|Donchian Breakout (Turtle),JNJ|Buy&Hold,JNJ|SMA 50/200 (Golden Cross),JNJ|SMA 10/20 (backtesting.py),JNJ|RSI(2) MeanRev (Connors),JNJ|Bollinger MeanRev,JNJ|MACD Crossover,JNJ|Donchian Breakout (Turtle)
2019-01,2.82,0.0,2.28,0.0,1.16,2.27,-0.95,7.68,0.0,-3.46,0.0,7.36,-1.47,-8.35,-7.75,0.0,-12.91,0.0,0.72,-10.8,-13.06,14.43,0.0,3.52,0.0,4.84,3.45,-4.91,7.74,0.0,3.68,0.0,0.88,4.9,3.68,27.16,0.0,15.54,0.0,5.18,20.77,9.74,6.88,0.0,3.04,0.0,3.93,5.01,2.49,1.65,0.0,2.22,0.0,0.41,2.03,0.81,7.46,0.0,2.25,0.0,5.59,2.94,-2.41,3.12,0.0,3.69,0.0,0.49,2.35,-1.88
2019-02,7.74,0.0,6.39,0.0,0.0,1.49,2.22,7.42,0.0,4.72,0.0,0.0,3.46,0.0,4.19,0.0,-6.69,0.0,0.0,-5.54,0.0,-4.59,0.0,-5.02,0.0,0.0,-5.6,-7.69,0.06,0.0,0.06,0.0,0.0,-3.04,0.06,-3.14,0.0,-1.59,0.0,0.0,-1.69,-1.69,0.83,0.0,-2.59,0.0,0.0,-2.3,-2.3,-5.8,0.0,-6.34,0.0,-0.6,-5.32,-5.32,9.04,0.0,9.04,0.0,0.0,9.04,8.99,3.36,0.0,3.36,0.0,0.0,3.36,3.36
2019-03,5.28,0.2,5.28,0.0,0.0,1.23,5.28,16.4,0.0,11.13,0.0,0.0,11.99,11.38,-12.51,0.0,0.0,0.0,-2.46,-15.06,0.0,8.59,0.0,6.47,0.0,0.0,5.25,-0.78,4.47,0.0,1.93,-0.15,0.0,3.49,4.52,3.25,0.0,-1.78,0.0,0.0,-3.88,-6.39,-3.0,0.0,-5.5,0.0,1.42,-3.53,-3.76,4.25,2.8,2.49,0.0,1.8,2.31,1.97,2.24,0.0,2.24,0.0,0.0,-0.08,2.24,2.31,0.92,1.36,0.0,0.0,0.96,0.65
2019-04,10.73,10.73,10.73,0.0,0.0,5.81,10.73,0.8,0.0,-0.87,0.0,1.58,2.81,-0.87,-14.71,0.0,-0.04,0.0,-3.66,-8.65,-8.36,8.19,1.23,8.19,0.0,0.0,3.54,8.19,1.88,1.83,2.87,1.83,0.0,-2.72,-3.37,16.02,11.39,9.82,0.0,0.0,10.97,10.97,15.52,0.0,10.61,0.0,3.32,11.17,4.3,4.69,1.27,4.69,0.7,0.0,4.69,4.69,-0.64,-2.21,-0.43,0.0,0.0,-1.39,-3.79,1.01,1.01,1.06,0.2,1.71,1.88,-2.26
2019-05,-4.95,-4.95,-5.15,-1.06,0.0,-1.93,-3.95,-25.07,0.0,0.0,0.0,-25.07,0.0,0.0,-22.43,0.0,0.0,0.0,-22.43,-11.19,0.0,-7.86,-7.86,-4.53,-1.47,4.55,-1.38,-1.43,-7.71,-7.71,-1.73,-0.31,0.0,-0.05,-0.05,-8.24,-8.24,-3.36,-1.36,0.0,-2.04,-2.5,-8.69,-7.98,-4.99,-4.25,-3.24,-2.5,-2.5,0.14,1.31,0.14,1.57,0.0,-6.34,-3.58,-10.84,-10.84,0.0,-1.67,-9.06,0.0,0.0,-6.48,-6.48,-3.09,-0.47,-0.19,-3.15,-1.8
2019-06,8.31,8.31,-1.84,1.69,4.89,1.99,1.9,21.24,0.0,13.18,0.0,9.52,14.17,6.52,20.68,0.0,4.41,0.0,14.91,13.61,-0.75,6.68,6.68,0.35,2.36,9.81,1.72,0.35,-2.14,-2.14,-3.83,0.0,6.3,-0.8,0.0,8.75,8.75,2.89,5.5,10.36,8.7,2.06,5.51,5.51,1.75,7.34,3.88,-2.44,0.0,4.45,4.45,4.45,0.0,0.0,1.76,4.45,8.28,6.38,3.02,0.0,5.33,3.07,-0.02,6.2,6.2,-1.07,0.0,4.16,0.48,0.14
2019-07,1.72,1.72,1.72,1.48,0.0,-3.64,-0.58,2.73,0.0,2.73,0.0,0.0,2.73,2.73,8.12,0.0,8.12,0.0,0.0,2.35,2.35,-1.42,-1.42,0.21,-1.86,-1.72,3.69,2.56,12.5,5.31,12.5,1.36,0.0,12.5,7.5,0.64,0.64,0.64,2.12,0.0,2.73,1.47,4.49,4.49,2.66,-0.05,0.0,4.44,4.44,3.36,3.36,3.36,6.92,0.0,-3.18,-2.33,-2.96,0.0,-2.38,0.0,-0.69,-1.55,-1.55,-6.5,-6.5,1.33,1.95,-3.09,-0.05,-0.05
2019-08,1.5,1.5,0.94,1.82,4.95,-4.04,-3.03,-0.62,-2.27,-8.58,-6.29,13.14,-1.92,-2.3,-6.62,0.0,-3.06,0.0,6.67,0.0,0.0,-4.85,-4.85,0.0,-1.86,-4.85,-3.69,0.0,-2.27,-1.35,-4.41,7.92,0.0,-3.92,-5.35,-4.41,-4.41,-0.05,-0.04,-3.81,0.0,0.0,-5.29,-5.29,-4.85,-3.86,-0.42,0.49,-2.69,4.58,4.58,2.15,2.11,0.0,0.91,4.58,-6.76,0.0,0.0,0.0,-6.76,-2.76,0.0,-0.69,0.96,-3.36,0.0,2.28,-2.88,-4.36
2019-09,0.85,0.85,0.85,0.0,0.0,-1.05,-0.78,3.92,3.92,2.49,0.63,0.0,3.04,-1.66,6.76,0.0,3.87,0.0,-0.05,-1.16,-5.33,-2.27,-2.27,-3.54,-2.82,0.94,0.46,-2.63,2.57,2.57,-0.57,0.0,0.0,-1.3,0.69,-4.09,-4.09,-4.68,-1.81,-1.18,-2.41,-5.14,7.13,7.13,7.07,0.26,0.0,6.47,4.04,-0.37,-0.37,-0.8,0.0,0.0,-0.99,-1.21,3.11,0.0,-1.28,0.0,1.13,3.58,-0.59,0.79,0.0,-0.17,0.0,0.88,-1.97,-2.22
2019-10,3.12,3.12,0.6,4.26,2.48,-2.14,-0.26,15.48,15.48,9.77,0.0,0.0,6.79,8.03,30.74,0.0,24.36,0.0,0.0,22.36,26.98,2.35,-0.95,1.04,0.17,1.76,2.27,0.0,3.08,3.08,-2.23,0.31,3.28,1.28,-0.87,7.62,7.62,1.06,0.68,3.38,6.4,0.61,6.99,6.99,-0.36,-1.88,0.0,4.08,4.08,-0.02,-0.02,1.21,2.65,2.65,-2.6,-2.6,-4.31,0.0,-4.59,0.0,0.1,-1.75,0.0,2.06,0.0,-1.48,0.0,0.0,-5.96,-3.35
2019-11,5.95,5.95,5.95,0.0,0.0,5.95,5.95,7.9,7.9,7.9,0.0,0.0,3.41,7.9,4.77,3.96,4.77,0.0,0.0,11.79,5.7,1.36,0.0,-1.41,0.0,1.87,-1.21,-3.24,3.6,3.6,3.6,1.39,0.0,3.37,2.72,5.21,5.21,5.21,0.0,0.0,2.48,5.21,5.48,5.48,5.48,0.72,0.0,2.8,5.48,-1.16,-1.16,-3.27,-0.12,1.43,-1.2,0.0,2.04,0.0,4.3,0.0,0.0,-0.54,-4.33,4.85,0.0,4.04,0.0,0.0,4.8,2.54
2019-12,4.17,4.17,4.17,1.53,0.0,0.07,1.4,8.56,8.56,8.56,3.33,0.0,1.28,0.51,26.79,26.79,18.82,0.0,0.0,16.67,16.25,2.61,0.0,3.1,0.0,0.0,-0.36,-4.6,2.71,2.71,-0.82,3.5,0.0,0.74,-0.08,1.79,1.79,-0.61,4.22,4.22,-1.94,-1.2,5.8,5.8,5.8,1.87,0.0,-0.96,5.8,3.65,3.65,3.65,1.86,0.0,3.65,2.93,2.42,0.0,-0.85,0.0,0.0,0.12,-0.85,6.09,2.83,6.09,0.0,0.0,6.09,6.09
2020-01,7.95,7.95,7.95,3.45,0.0,-0.73,7.95,0.48,0.48,0.48,0.26,0.0,-1.43,2.03,55.52,55.52,55.52,0.0,0.0,55.52,55.52,8.71,0.0,0.7,0.0,9.81,0.72,0.7,6.97,6.97,6.97,0.02,0.0,2.32,4.63,-1.63,-1.63,-1.63,1.48,0.0,6.13,-0.49,-4.44,-4.44,-0.96,4.04,-0.64,-1.42,-1.95,5.51,5.51,5.51,1.09,0.0,2.7,2.98,-10.98,0.0,-1.43,0.0,-8.13,-2.5,-0.84,2.06,2.06,2.06,0.79,0.0,-1.73,0.27
2020-02,-4.57,-4.57,-6.87,-9.33,2.37,5.14,5.14,14.3,14.3,5.33,7.68,0.0,-0.45,2.96,2.68,2.68,2.68,-16.53,0.0,22.89,4.32,-6.22,-7.7,-6.06,-10.17,-0.05,-0.07,-0.07,-6.53,-6.53,-10.16,-6.68,-3.44,-1.86,-0.95,-4.68,-4.68,-7.4,-8.47,3.6,-3.6,0.0,-12.28,-12.28,-8.32,-14.44,-4.5,-1.41,0.0,-8.41,-8.41,-5.99,-7.54,-2.67,1.88,0.38,-16.0,0.0,0.0,0.0,-16.0,-7.17,0.0,-9.09,-9.09,0.66,-6.64,-7.88,0.11,0.13
2020-03,-2.65,-2.65,0.0,4.89,-3.69,0.97,0.0,-2.4,-2.4,1.14,3.76,15.09,7.27,0.0,-21.56,-21.56,12.15,-6.94,-13.86,1.82,0.0,3.5,3.5,-0.82,3.67,13.38,2.41,0.0,-13.24,-13.24,0.0,3.46,-13.24,-0.14,0.0,-13.34,-18.58,0.0,-16.4,-13.82,6.73,0.0,-22.46,-21.55,0.0,-10.55,-22.46,-8.29,0.0,-16.55,-16.55,0.0,10.1,-5.28,-1.72,0.0,-26.19,0.0,0.0,0.0,-26.19,1.77,0.0,-2.49,-2.49,0.0,6.64,-1.14,-1.46,0.0
2020-04,13.63,13.63,15.37,0.0,0.0,13.63,8.38,10.88,10.88,20.19,0.0,0.0,10.88,8.84,49.21,49.21,51.39,0.0,-1.53,49.21,36.39,26.89,26.89,26.89,0.0,0.0,26.89,23.79,15.9,8.48,13.82,0.0,1.78,15.9,6.39,22.73,0.0,32.71,0.0,0.0,22.73,17.4,7.47,0.0,2.72,0.0,0.35,7.47,0.0,3.71,-0.73,-4.08,0.0,5.42,3.71,-7.48,22.39,0.0,14.77,0.0,6.35,22.39,5.92,14.42,14.42,9.08,-0.18,0.0,14.42,4.68
2020-05,2.54,2.54,2.54,0.0,0.0,0.25,2.54,21.47,21.47,21.47,0.0,0.0,7.57,21.47,6.79,6.79,6.79,0.0,0.0,1.11,6.79,-1.28,-1.28,-2.08,1.67,0.0,-7.64,-9.74,6.45,0.0,6.45,0.0,0.0,3.72,6.45,9.96,0.0,9.96,2.72,0.0,9.96,9.96,1.62,0.0,-12.75,0.0,8.58,-3.26,-4.05,1.72,0.0,-0.97,0.0,5.98,-3.77,0.0,-0.25,0.0,-4.53,0.0,0.0,-7.91,-8.07,-0.17,-0.17,-0.94,0.1,0.0,-1.22,-1.22
2020-06,11.06,11.06,11.06,0.0,0.0,4.5,11.06,7.06,7.06,7.06,0.0,0.0,0.0,7.06,29.32,29.32,29.32,0.0,0.0,8.89,29.32,12.96,12.96,12.96,-0.05,0.0,6.02,12.96,-1.08,-2.12,-5.65,4.02,4.02,0.35,-2.25,0.88,-1.39,0.88,5.03,5.03,-0.05,-9.91,-3.34,0.0,-0.63,0.0,0.0,2.58,-0.15,-3.41,0.0,-1.17,0.0,2.5,-1.48,-5.02,-1.65,0.0,2.04,0.0,0.0,3.69,-0.75,-5.46,-5.46,-2.71,0.53,-0.22,0.0,0.0
2020-07,0.74,0.74,-1.14,3.66,0.0,2.17,0.15,11.76,11.76,11.76,0.0,0.0,1.68,11.76,32.5,32.5,32.5,0.92,0.0,26.44,31.16,14.71,14.71,9.9,6.46,0.0,8.68,14.71,4.93,4.93,-0.83,1.64,1.64,0.47,2.5,11.71,11.71,-1.17,5.31,4.56,-1.45,-4.6,3.74,0.0,-3.42,0.0,0.0,-1.08,-3.21,5.73,0.0,2.31,0.0,2.61,4.35,0.04,-5.9,0.0,-3.16,0.0,7.8,-5.02,0.0,3.65,3.65,-1.51,-1.69,1.62,2.39,1.02
2020-08,10.28,10.28,4.44,3.29,0.0,0.07,4.35,26.0,26.0,26.0,5.34,0.0,21.41,26.0,74.15,74.15,40.93,8.61,0.0,35.67,50.87,9.05,9.05,5.06,3.2,0.0,5.79,9.05,9.52,9.52,4.36,0.0,0.0,4.69,3.33,15.58,15.58,10.47,0.0,0.0,16.31,15.53,3.67,0.0,0.27,0.0,0.0,-3.12,-3.39,4.85,0.0,3.68,0.0,0.0,-4.9,-0.47,-3.21,0.0,-2.45,0.0,-0.23,-1.72,-3.88,5.95,5.95,5.42,1.04,0.0,2.84,2.84
2020-09,-6.74,-6.74,-8.97,2.92,0.0,-3.69,-10.19,1.2,1.2,-6.45,7.95,0.0,-5.64,-5.64,-13.91,-13.91,-5.04,40.45,0.0,-16.1,-33.77,-8.76,-8.76,-10.13,-0.76,0.0,-4.51,-8.77,-10.06,-10.06,-7.45,1.08,0.0,-6.55,-6.55,-10.68,-10.68,-7.13,1.17,0.0,-7.56,-7.56,-3.91,0.0,-5.09,0.0,0.96,0.63,0.0,0.48,0.0,-0.89,0.29,0.0,-0.14,-0.14,-14.05,0.0,0.0,0.0,-14.05,0.0,0.0,-2.95,-2.95,-3.72,1.01,0.0,-2.56,-2.56
2020-10,-3.74,-3.74,-0.81,0.84,-0.15,2.75,-2.75,-7.36,-7.36,-1.7,-7.19,-0.78,-0.34,-1.16,-9.55,-9.55,-8.02,0.55,0.0,-3.64,-8.91,-3.58,-3.58,-1.24,2.36,0.0,1.1,-3.19,10.27,10.27,6.94,0.0,0.0,10.97,-3.53,0.46,0.46,-0.3,6.52,0.0,-1.37,-4.63,2.78,0.0,-3.72,0.0,1.63,-0.56,-5.92,-2.65,-5.46,-6.22,1.17,0.16,-4.23,-6.22,-4.98,0.0,-1.14,0.0,6.02,-11.55,0.0,-7.91,-7.91,-2.66,0.0,-0.95,-3.16,-4.5
2020-11,6.01,6.01,-0.43,0.0,6.82,-5.32,-5.62,6.92,6.92,-0.47,5.09,10.0,-9.91,-8.02,46.27,46.27,38.88,9.13,12.79,22.49,28.47,4.34,4.34,-1.06,0.0,0.0,-9.26,0.0,8.56,8.56,8.56,0.0,0.0,8.76,3.43,5.27,5.27,2.45,3.06,0.0,-3.94,-6.13,20.24,2.65,0.74,0.0,0.0,12.91,12.91,8.21,8.21,-2.99,0.0,9.33,0.15,-1.12,19.71,0.0,3.39,0.0,4.15,19.71,5.69,6.25,6.25,-2.86,-0.51,6.49,-1.06,-2.41
2020-12,3.9,3.9,3.69,0.0,0.0,-0.79,1.38,-2.56,-2.56,-2.78,3.8,2.82,-6.58,-3.53,24.33,24.33,24.33,0.0,0.0,6.96,24.33,2.81,2.81,2.73,3.41,0.0,-1.63,0.44,-0.1,-0.1,-1.66,-0.32,0.0,-0.47,-0.17,-1.38,-1.38,-1.28,4.58,3.61,-3.39,0.0,7.8,7.8,6.85,0.83,0.0,3.73,7.8,6.28,6.28,7.77,2.18,0.0,0.68,-0.9,8.1,0.0,8.1,-0.1,0.0,12.01,8.1,8.78,8.78,6.84,-0.05,0.0,5.42,4.68
2021-01,4.29,4.29,-3.62,0.79,0.0,0.81,0.81,-0.5,-0.5,-4.05,4.36,5.68,-11.49,-4.69,12.45,12.45,12.45,0.0,0.0,15.9,12.45,-1.56,-1.56,-5.06,0.0,0.0,-6.67,-7.21,4.26,4.26,1.59,0.0,0.0,-1.18,1.59,-5.43,-5.43,-2.57,3.88,1.48,-5.38,-7.12,1.99,1.99,1.99,-5.42,0.0,6.76,5.99,-12.2,-12.2,-7.92,-5.63,-4.74,-3.84,-4.9,8.78,-6.4,-4.36,3.06,0.0,4.21,2.72,3.65,3.65,3.65,1.65,0.0,3.65,3.65
2021-02,0.41,0.41,-1.1,-0.96,1.43,5.29,4.07,5.58,5.58,-0.72,-1.27,0.0,4.42,8.82,-14.87,-14.87,6.99,-7.82,-5.51,0.0,-0.05,-3.53,-3.53,-0.84,-1.52,-2.81,1.69,1.31,10.65,10.65,10.65,1.34,0.0,12.36,12.36,-0.27,-0.27,-0.01,2.07,1.1,1.2,1.2,14.38,14.38,5.57,3.79,0.0,4.96,4.14,1.74,1.74,-1.28,0.0,3.06,0.01,-2.65,23.31,23.31,8.12,5.7,0.0,6.08,6.08,-2.26,-2.26,-2.12,-0.38,0.0,-0.31,-1.2
2021-03,1.46,1.46,2.14,1.91,1.99,-7.22,0.0,-2.64,-2.64,3.1,-5.27,6.53,0.0,0.0,-1.12,-1.12,-8.85,-0.33,4.75,-10.9,0.0,0.04,0.04,-0.59,-1.02,1.33,0.1,0.0,2.01,2.01,-3.32,0.0,4.16,0.0,0.0,14.33,14.33,5.36,2.78,3.1,11.13,5.41,3.44,3.44,3.44,1.97,0.0,2.49,2.53,8.49,8.49,8.49,3.57,0.0,8.49,4.54,2.69,2.69,3.28,1.48,0.0,8.66,4.44,3.72,3.72,2.59,-0.53,1.14,2.4,-0.4
2021-04,6.96,6.96,6.96,-0.18,0.0,4.93,4.93,12.45,12.45,12.45,0.0,0.0,15.18,12.39,6.21,6.21,1.02,4.74,0.0,3.86,-7.65,12.07,8.75,12.07,0.0,0.0,9.72,9.64,14.11,14.11,6.01,2.0,0.0,7.16,10.45,10.37,10.37,2.84,-0.03,0.0,2.45,1.14,1.63,1.63,-5.14,-0.07,5.2,0.0,0.0,2.41,2.41,2.41,1.17,0.0,-0.38,2.41,2.53,2.53,-2.93,5.16,0.0,-1.55,-1.55,-0.99,-0.99,-2.78,0.93,0.0,-4.68,-4.19
2021-05,-0.76,-0.76,-1.69,3.79,1.34,-0.86,0.0,8.23,8.23,-1.17,3.14,6.1,8.3,2.75,-11.87,-11.87,-5.1,-17.33,0.19,0.93,0.0,-7.05,-7.05,-8.03,-2.78,0.97,-4.53,-5.73,0.14,0.14,-5.62,3.45,4.75,-2.33,-3.59,1.12,1.12,-2.62,3.16,0.0,-4.78,-8.15,6.78,6.78,2.16,0.0,0.0,5.11,4.22,2.43,2.43,2.43,0.0,0.0,-0.41,2.43,3.46,3.46,3.74,0.0,0.0,4.49,4.49,4.66,4.66,4.66,1.47,0.0,1.3,4.33
2021-06,8.5,8.5,8.5,1.97,0.0,8.5,6.68,23.16,23.16,23.16,0.0,0.0,23.16,23.16,8.71,8.71,16.23,0.0,0.0,8.71,3.47,6.74,6.74,6.32,1.09,0.29,5.34,4.79,3.6,3.6,3.6,0.0,0.0,1.87,2.49,5.77,5.77,5.77,0.0,0.0,0.17,2.75,-5.3,-5.3,-5.56,-6.5,-1.34,0.36,-2.39,-1.4,-1.4,-0.63,-1.07,0.58,0.92,-0.43,8.07,8.07,1.48,5.51,0.0,-3.99,-5.88,-2.66,-2.66,-1.99,0.84,-0.53,0.0,0.0
2021-07,5.17,5.17,5.17,1.48,0.0,0.89,1.71,-2.52,-2.52,-7.0,2.24,0.0,-0.55,-0.85,1.1,-3.4,-5.27,3.85,0.0,-8.04,-5.27,-3.27,-3.27,5.47,2.1,0.0,1.42,-3.27,10.35,10.35,10.35,2.28,0.0,-0.16,6.94,2.47,2.47,-4.91,3.48,0.0,-4.31,-4.64,-1.86,-1.86,1.17,7.12,4.19,-6.79,0.0,5.4,5.4,1.32,0.34,0.6,4.63,1.32,-8.73,-8.73,-4.71,-5.98,0.38,-2.36,-2.76,4.53,4.53,2.47,1.46,-0.05,4.48,-1.16
2021-08,6.16,6.16,6.16,0.0,0.0,1.67,6.16,14.82,14.82,10.38,11.82,0.0,-2.82,1.26,7.06,0.61,-0.27,5.99,0.0,0.36,0.36,4.3,4.3,0.0,-1.95,-0.45,5.15,1.34,7.4,7.4,7.4,0.0,0.0,2.91,7.4,6.48,6.48,3.35,2.09,0.0,0.47,1.47,5.38,5.38,1.62,-0.3,0.68,0.93,0.38,-1.26,-1.26,-1.42,1.35,0.49,-1.68,-3.56,-3.86,-3.86,-2.49,-1.94,1.2,-4.52,0.0,1.14,1.14,1.14,-0.68,0.0,1.73,1.19
2021-09,-6.61,-6.61,0.92,-0.84,-4.25,-0.07,-5.07,-7.46,-7.46,-5.73,0.12,6.41,-0.98,-1.09,5.4,5.4,5.35,0.0,0.0,-2.84,-0.71,-5.35,-5.35,-1.91,1.35,-0.98,-3.36,-3.36,-7.62,-7.62,-4.18,2.46,-3.68,-0.75,-2.69,-10.54,-10.54,-5.82,-9.28,-4.63,-0.81,-1.49,2.34,2.34,-2.68,6.07,5.27,-0.16,-3.65,-6.12,-6.12,-1.05,-2.67,-3.07,0.0,0.0,7.89,7.89,1.23,0.0,1.51,7.89,-2.08,-6.72,-6.72,0.99,-1.04,-3.96,0.0,0.0
2021-10,17.63,17.63,8.96,2.5,4.53,12.41,8.96,23.42,23.42,14.64,1.68,4.92,17.51,12.61,43.65,43.65,43.65,0.0,0.0,37.85,43.65,2.66,2.66,-2.13,0.48,3.72,2.15,-2.2,10.75,10.75,3.64,9.22,4.1,-3.4,3.64,-4.66,-4.66,0.0,-3.25,2.54,-6.99,0.0,4.41,4.41,4.41,0.65,0.0,-2.94,-1.7,7.43,7.43,3.17,2.31,3.09,4.57,3.13,9.61,9.61,9.61,0.0,0.0,9.61,9.61,0.85,0.85,-0.56,0.0,1.42,-0.05,-0.78
2021-11,-0.13,-0.13,-0.13,1.92,0.0,1.29,-0.45,27.81,27.81,27.81,0.0,0.0,20.51,27.81,2.76,2.76,-1.63,6.3,0.0,-4.18,-9.08,3.99,3.99,3.99,0.02,0.0,-1.14,-0.86,-4.15,-4.15,-1.75,1.55,-0.25,-2.51,-4.01,0.28,0.28,0.84,0.0,1.93,-1.72,-6.69,-6.51,-6.51,-1.39,0.04,1.66,0.0,-1.29,-6.23,-6.23,-0.92,-0.7,-1.67,-0.32,-0.87,-5.93,-5.93,-3.36,3.95,-1.42,0.49,-4.68,-3.64,-0.06,-0.18,0.0,-2.41,0.2,-0.28
2021-12,1.73,1.73,-1.87,1.26,3.58,-1.84,0.0,-9.98,-9.98,-13.85,8.05,9.78,-0.05,-6.1,-7.69,-7.69,-2.48,5.21,0.0,-3.45,0.0,-4.93,-4.93,-3.39,2.53,0.0,0.0,-1.86,2.08,2.08,1.11,5.44,3.73,-5.44,0.0,3.66,1.58,-3.64,0.0,7.58,1.9,-2.94,-0.3,-0.3,0.0,3.76,-0.35,0.07,0.0,12.89,12.89,2.39,0.0,4.64,7.6,2.46,2.26,2.26,-1.52,1.5,9.29,-3.58,0.0,9.71,0.0,1.51,0.0,4.44,4.94,4.04
2022-01,-7.53,-7.53,-6.6,-2.22,-1.76,-2.22,0.0,-16.75,-16.75,-6.55,-1.07,-2.37,0.0,0.0,-11.36,-11.36,-5.87,-0.81,-0.81,-6.22,-14.49,-10.28,-16.08,0.0,0.0,-9.04,0.0,0.0,-6.59,-6.59,-4.7,-3.69,-1.84,0.05,0.0,-6.86,0.0,-0.64,0.0,-1.59,-3.67,-3.67,-5.59,-5.59,-13.12,0.0,2.06,-3.95,-9.42,3.04,3.04,3.04,1.37,0.0,2.97,1.22,24.14,24.14,15.16,0.0,0.0,24.14,19.49,0.71,-0.51,-3.45,-0.77,3.13,0.3,-0.8
2022-02,-3.72,-3.72,-1.56,0.0,6.5,-5.99,0.0,-0.41,-0.41,-6.55,-0.05,2.49,-11.4,0.0,-7.08,-7.08,0.0,7.1,4.23,-17.09,0.0,2.67,0.0,-3.38,0.0,5.34,-15.64,0.0,-0.18,-0.18,-6.84,0.0,1.68,-3.8,-10.54,-32.63,0.0,0.0,0.0,-9.71,-26.32,0.0,-4.58,1.67,-5.21,0.0,0.0,-2.63,0.0,2.02,2.02,0.94,3.77,0.0,-5.91,-2.1,4.38,4.38,0.85,1.7,0.0,4.09,3.76,-3.87,-3.87,-3.27,-1.49,2.08,-1.71,0.0
2022-03,3.19,-1.52,1.35,0.0,5.89,-2.34,2.57,11.92,11.92,2.01,0.0,14.61,4.63,3.1,23.8,23.8,16.93,0.0,1.04,13.54,18.96,6.14,0.0,0.88,0.0,11.27,2.43,1.03,2.97,-1.26,-0.62,0.0,5.47,-2.16,2.11,5.37,0.0,4.12,0.0,-3.55,5.37,2.66,-3.86,0.0,-3.15,0.0,-1.26,-1.55,0.0,0.38,0.38,-6.39,-3.52,3.96,-0.5,-6.09,5.32,5.32,-4.67,6.34,0.0,-10.92,-8.26,7.69,7.69,4.59,0.0,2.32,5.14,2.86
2022-04,-9.99,0.0,-8.56,0.0,-2.76,-2.3,-3.73,-32.03,-21.31,-19.72,-9.14,-15.42,-10.6,-10.6,-19.19,-19.19,-6.85,5.25,-0.7,-4.88,-9.48,-23.75,0.0,-7.54,0.0,-10.88,-2.65,-2.65,-17.95,0.0,-8.21,0.0,-11.47,-2.33,-1.86,-9.84,0.0,-5.26,0.0,-0.03,-3.36,-2.7,-11.79,0.0,-3.17,0.0,-6.28,-5.76,0.0,4.21,4.21,4.21,0.0,0.0,4.21,4.21,3.22,3.22,2.51,2.33,0.0,-2.07,-5.37,1.82,1.82,1.82,2.95,0.0,-4.04,1.82
2022-05,-1.81,0.0,0.0,0.0,8.0,-3.82,0.0,0.67,0.0,0.0,0.0,-3.8,-14.51,0.0,-12.92,-18.76,0.0,0.0,-12.92,-0.23,0.0,-3.28,0.0,0.0,0.0,-7.4,11.67,0.0,-0.3,0.0,0.0,0.0,-0.3,-7.65,0.0,-3.41,0.0,-3.32,0.0,5.26,-21.91,0.0,10.78,0.0,2.11,0.0,4.34,1.08,3.87,-1.9,-1.9,0.15,5.68,4.58,-9.02,-1.86,13.76,13.76,9.31,0.0,0.0,-2.28,5.71,0.12,0.12,-2.11,-0.33,0.0,-1.08,-1.25
2022-06,-5.53,0.0,-8.4,0.0,10.39,-11.68,0.0,-18.8,0.0,-20.44,0.0,0.0,-24.05,0.0,-11.19,0.0,-11.98,0.0,2.16,-11.19,0.0,-11.65,0.0,-15.46,0.0,0.0,-19.68,0.0,-4.22,0.0,-4.92,0.0,-0.05,-8.41,-7.69,-16.73,0.0,0.0,0.0,-8.21,-10.91,0.0,-14.84,0.0,-12.76,0.0,0.0,-9.63,-5.28,-0.02,-0.02,-0.67,-1.17,0.0,1.56,0.0,-10.79,-10.79,-4.76,-7.21,-0.6,-0.21,-0.21,-1.13,-1.13,-3.7,1.15,2.78,-3.0,-2.67
2022-07,9.31,0.0,1.19,0.0,0.0,-0.94,4.41,19.82,0.0,1.95,0.0,0.0,14.62,1.95,32.38,0.0,30.69,0.0,0.0,32.38,18.43,27.06,0.0,17.98,0.0,0.0,27.06,14.11,6.75,0.0,0.85,0.0,0.0,-4.56,-1.03,-1.33,0.0,-6.94,0.0,5.23,-1.33,-9.53,3.35,0.0,0.05,0.0,5.97,-3.99,0.0,2.0,2.0,-2.34,-0.4,0.0,1.08,-3.51,13.18,13.18,8.09,0.0,3.02,9.76,5.8,-1.68,-1.68,-1.9,2.91,1.6,-1.22,-0.98
2022-08,-6.67,0.0,-5.37,0.0,-2.52,-0.9,-0.9,-16.9,0.0,-6.26,0.0,-7.22,-6.7,-6.26,-7.25,0.0,-4.2,0.0,0.0,-5.69,-3.1,-6.06,0.0,-3.16,0.0,0.0,5.39,-1.33,-6.96,0.0,-6.16,0.0,-1.97,-1.89,-4.66,2.41,0.0,-5.05,0.0,0.0,-4.55,-0.05,-1.41,0.0,-0.87,0.0,0.0,0.09,-3.65,-3.83,-3.83,-4.4,-0.71,0.0,-1.63,-2.28,-0.42,-0.42,-3.6,3.8,0.0,-3.24,-0.42,-6.93,-6.93,0.0,0.0,-2.88,-5.37,0.0
2022-09,-10.93,0.0,0.0,0.0,-10.93,0.0,0.0,-19.55,0.0,0.0,0.0,-19.55,-4.74,0.0,-3.76,0.0,-12.6,0.0,0.0,-5.3,-6.72,-10.86,0.0,0.0,0.0,-4.72,0.0,0.0,-11.62,0.0,0.0,0.0,-11.62,0.0,0.0,-16.72,0.0,0.0,0.0,-7.3,-9.56,0.0,-8.12,0.0,-9.49,0.0,-4.3,-5.7,0.0,-8.56,-8.56,-0.05,0.92,-8.6,0.0,0.0,-8.66,-8.66,-0.32,0.24,1.77,-1.85,-1.85,1.25,2.66,-1.81,0.0,2.46,-0.48,0.0
2022-10,-0.33,0.0,0.3,0.0,12.44,-8.63,-9.63,11.19,0.0,2.39,0.0,15.69,11.19,1.73,-14.22,0.0,-0.05,0.0,-5.82,2.25,0.0,-9.35,0.0,0.0,0.0,1.91,-17.72,0.0,-1.19,0.0,-8.26,0.0,7.01,-9.36,-7.5,-31.34,0.0,0.0,0.0,-3.69,-32.56,0.0,21.54,0.0,8.6,0.0,5.54,12.63,5.87,6.84,-2.74,1.48,0.0,0.7,7.07,1.48,26.92,26.92,12.05,0.0,9.06,16.26,11.74,6.49,0.0,2.31,0.0,2.99,2.67,3.07
2022-11,10.22,0.0,0.58,0.0,13.3,3.4,-3.03,25.42,0.0,25.42,0.0,0.0,15.81,25.42,-14.43,0.0,-11.24,0.0,-1.26,-10.57,0.0,-5.76,0.0,2.51,0.0,-5.76,-2.03,0.0,6.86,0.0,3.55,0.0,1.96,4.7,0.0,26.77,0.0,5.35,0.0,21.26,5.52,0.0,9.77,0.0,9.77,0.0,0.0,5.24,9.77,7.04,0.0,7.04,0.0,0.0,7.04,3.22,1.29,1.29,1.29,4.17,0.0,-1.77,-0.15,2.98,0.0,2.98,0.0,0.0,-1.18,-1.18
2022-12,-6.0,0.0,-5.28,0.0,0.0,-7.79,-5.85,-13.64,0.0,-16.6,0.0,3.44,-8.85,-9.41,-36.73,0.0,-6.79,0.0,-23.54,-17.38,0.0,-12.99,0.0,-2.55,0.0,-1.18,-11.8,0.0,-12.63,0.0,-8.13,0.0,-2.94,-7.26,-6.08,1.9,0.0,-2.15,0.0,0.0,-2.13,1.85,-2.95,-0.84,-4.4,3.57,0.0,0.0,-4.98,0.0,0.01,0.89,1.57,0.0,-0.79,-0.84,-0.93,-0.93,0.32,-4.76,1.03,1.44,0.0,-0.76,-1.48,-1.47,0.89,0.0,-1.12,-3.36
2023-01,3.33,0.0,2.1,0.0,4.0,3.53,-0.13,33.69,1.36,10.31,0.0,8.81,22.74,10.31,40.62,0.0,36.15,0.0,6.69,44.55,20.44,22.77,0.0,8.2,0.0,3.95,20.11,8.4,12.03,0.0,7.24,0.0,3.68,12.24,6.17,23.79,0.0,23.73,0.0,0.0,23.79,23.79,5.14,5.14,4.3,0.0,0.0,-0.59,-0.56,-3.6,-3.6,0.66,1.83,-1.46,0.0,0.0,5.18,5.18,5.18,0.0,0.0,5.18,4.9,-7.49,-7.49,-3.82,-2.68,-5.23,-2.69,-2.62
2023-02,0.9,0.0,0.9,-3.4,0.0,4.34,2.17,18.83,18.83,18.83,14.45,0.0,9.42,3.62,18.76,0.0,18.76,0.0,0.0,15.9,18.76,-8.63,0.0,-4.88,0.0,0.0,-3.04,-4.79,-8.88,0.0,-3.42,0.0,0.0,-3.92,-3.92,17.43,0.0,13.75,2.18,0.0,18.86,15.7,2.42,2.42,3.07,1.61,0.0,-1.77,-2.9,-2.95,-2.95,0.0,0.0,-0.03,-5.27,0.0,-4.53,-4.53,-4.02,-1.28,0.0,-9.98,-11.23,-5.54,-3.92,0.0,0.0,-5.54,0.0,0.0
2023-03,15.59,5.85,8.51,2.3,0.0,8.56,4.33,19.67,19.67,19.67,0.0,0.0,8.7,19.67,0.85,0.0,3.21,0.0,8.45,7.87,-7.25,9.61,0.0,4.33,0.0,0.0,7.32,2.61,15.18,0.0,10.33,0.0,0.0,6.43,3.35,21.15,21.38,14.52,-0.05,0.0,5.74,9.18,-9.1,-9.1,-0.61,-5.36,-5.49,1.16,0.0,5.03,-0.55,3.38,0.0,2.45,5.03,3.38,-0.23,-0.23,0.0,-0.74,5.31,2.32,0.0,1.14,0.0,0.0,0.0,-0.02,-0.41,0.0
2023-04,6.58,6.58,6.58,4.72,7.14,-0.98,1.57,-0.1,-0.1,-2.85,3.65,0.0,-3.27,-4.78,-20.8,0.0,-10.87,0.0,0.76,-10.62,-10.67,2.09,0.0,2.09,0.0,0.0,-4.84,2.09,3.48,0.0,3.48,0.0,0.0,0.69,0.38,13.39,13.39,13.39,11.85,0.0,0.85,1.09,6.92,6.92,8.04,0.36,-1.14,6.92,-0.4,3.42,1.04,3.42,0.89,0.0,2.4,3.42,7.92,7.92,1.85,0.0,0.0,5.23,1.85,5.61,0.0,4.32,0.0,0.0,4.86,4.32
2023-05,7.11,7.11,7.11,0.0,0.0,-0.21,7.11,36.34,36.34,36.28,0.0,0.0,26.94,30.8,24.11,0.0,22.53,0.0,4.5,19.86,15.23,14.35,0.34,14.35,0.0,0.0,5.8,5.8,14.47,16.51,13.9,0.0,0.0,9.9,9.9,10.15,10.15,10.15,0.0,0.0,3.98,10.15,-1.83,-1.83,-2.31,6.44,0.0,-3.61,-3.03,-7.0,-7.0,-0.38,-5.09,-5.68,0.0,-1.23,-12.91,-12.91,-8.84,-3.2,-6.44,-8.11,-3.15,-4.56,0.0,-0.11,0.0,-2.13,0.0,-1.01
2023-06,3.7,3.7,3.7,2.52,0.0,-5.78,3.7,11.82,11.82,11.82,9.52,0.0,11.52,11.82,28.36,1.96,28.36,6.72,0.0,18.14,18.14,8.11,8.11,8.11,0.0,0.0,5.36,8.11,-2.58,-2.58,0.14,-0.75,1.1,1.41,-1.94,8.41,8.41,8.41,2.72,0.0,-1.39,8.41,7.17,7.17,7.17,2.66,0.0,-0.73,0.61,1.71,1.71,-1.75,1.9,3.36,0.33,-3.06,4.96,4.96,-5.74,0.0,3.45,-1.37,-3.23,6.75,0.0,3.46,0.0,2.05,4.5,2.92
2023-07,-1.36,-1.36,-4.57,0.0,0.0,-4.13,-2.93,10.47,10.47,1.24,-0.05,0.0,-2.65,10.47,2.16,2.16,1.73,1.67,0.0,-2.2,-6.14,2.55,2.55,2.55,0.0,0.0,-5.5,-4.6,10.88,10.88,6.42,11.25,3.99,-1.9,5.77,11.02,11.02,11.02,5.82,0.0,-4.97,-0.64,9.35,9.35,9.35,0.0,0.0,9.3,9.35,2.84,2.84,-1.67,1.29,0.0,-0.62,-0.79,-0.01,-3.86,-3.26,0.0,4.43,-4.44,0.0,1.21,0.0,-6.44,0.0,0.0,-2.23,-2.23
2023-08,-2.22,-2.22,-2.56,-1.35,0.0,0.18,0.0,5.62,5.62,2.41,5.27,10.26,8.02,-0.55,-3.5,-3.5,0.0,-4.65,13.88,8.11,0.0,3.24,3.24,-7.83,1.05,0.0,-4.1,-4.64,2.6,2.6,-1.68,0.0,0.0,-1.32,-2.92,-7.13,-7.13,-7.68,-2.55,0.0,-1.8,-5.37,-7.36,-7.36,-2.27,-3.37,-3.03,-1.67,-2.69,-3.39,-2.41,-1.45,0.3,0.0,-0.52,-0.52,4.53,0.0,5.09,0.0,0.0,0.92,4.31,-2.79,-5.46,-1.84,-0.04,-2.74,3.18,-0.16
2023-09,-3.66,-3.66,-3.38,-1.61,-0.45,-2.18,-1.57,-11.86,-11.86,-11.09,-9.85,6.0,-6.35,-7.7,-3.05,-3.05,-1.94,-2.19,0.0,-5.16,-10.58,-7.89,-7.89,-8.95,-7.68,0.85,-2.35,-5.55,-3.9,-3.9,-3.76,-1.17,1.73,-1.83,-1.83,1.46,1.46,1.94,0.0,0.0,-0.32,-3.94,-0.9,-0.9,-1.49,1.93,1.94,-4.17,0.0,-5.69,0.0,0.0,0.0,-5.74,-1.1,0.0,5.75,-0.84,5.75,1.18,0.0,1.48,5.75,-3.67,-3.67,-2.91,0.0,-0.21,-2.37,0.0
2023-10,7.08,7.08,2.05,-0.05,3.59,3.26,-2.68,-6.25,-6.25,-3.65,3.37,4.0,-5.87,-7.89,-19.73,-19.73,-18.19,-20.1,-8.8,-2.45,0.0,4.7,4.7,-9.14,4.44,13.21,-9.32,0.24,-5.18,-5.18,-11.52,0.97,1.98,-1.54,-2.14,0.35,0.35,-8.68,-2.44,4.43,0.49,-2.25,-3.4,-3.4,-6.25,-4.34,2.43,-3.59,0.0,0.91,0.0,1.22,0.0,-2.57,4.42,0.61,-9.98,-9.98,-5.22,-1.56,1.2,-3.3,-5.22,-4.76,-4.38,0.0,0.0,-4.76,-3.76,0.0
2023-11,12.29,12.29,12.29,0.0,0.0,12.29,12.29,14.69,14.69,-0.43,-2.15,6.63,6.15,-0.43,19.54,19.54,1.08,8.74,11.33,9.44,-1.19,9.77,9.77,5.35,0.0,0.0,9.77,9.77,6.81,6.81,-1.6,1.86,6.2,0.47,-4.35,8.59,8.59,2.01,3.46,4.37,5.09,0.94,12.24,12.24,7.01,1.65,2.78,8.27,5.09,4.28,0.0,4.28,0.0,0.0,4.28,4.28,-2.05,-2.05,0.0,0.0,0.0,-3.39,0.0,5.1,0.0,2.5,0.0,1.14,2.96,2.29
2023-12,-0.76,-0.76,-1.24,1.28,0.0,-0.05,-2.63,5.89,5.89,-0.69,1.53,0.0,1.24,-0.05,3.5,3.5,3.5,0.0,0.0,-1.45,3.5,4.0,4.0,4.0,0.0,0.0,-1.48,4.0,5.4,5.4,-1.03,3.22,0.0,2.24,-0.62,8.2,8.2,-2.07,0.44,0.0,5.63,2.66,8.98,8.98,8.98,0.0,0.0,8.98,8.98,0.84,0.0,0.48,0.0,0.0,0.22,-1.47,-2.69,-3.58,-4.23,0.0,2.44,-3.23,0.0,1.34,0.0,0.91,0.0,0.0,0.45,-0.95
2024-01,5.73,5.73,5.67,1.73,0.0,3.82,3.82,24.24,24.24,24.24,1.83,0.0,14.42,17.69,-24.63,-24.63,-3.28,-21.49,-17.62,-0.05,-4.08,2.15,2.15,-0.56,-1.97,0.0,-2.17,-1.41,0.29,0.29,0.29,0.38,0.0,-3.95,-3.95,10.22,10.22,10.22,1.53,0.0,2.38,5.75,3.14,3.14,-1.22,0.64,0.0,-0.25,0.72,0.95,-0.45,0.0,0.0,0.0,0.23,-0.75,2.83,0.0,-1.36,0.0,4.44,-0.73,-5.46,1.38,0.0,-1.1,0.0,0.0,0.19,-0.2
2024-02,4.23,4.23,2.64,0.0,0.0,-0.06,1.77,28.58,28.58,28.58,12.97,0.0,13.19,10.35,7.79,0.79,4.14,1.16,6.97,6.45,-0.13,13.89,13.89,13.89,0.0,0.0,9.17,8.89,-1.17,-1.17,6.3,6.94,1.48,-0.05,-0.05,25.76,25.76,25.76,0.0,0.0,20.03,25.76,6.71,6.71,6.71,0.0,0.0,3.42,6.71,0.89,0.89,-3.12,1.81,0.0,-3.11,-4.76,2.61,0.0,2.56,0.0,0.0,2.61,2.61,2.33,2.96,-0.33,0.0,1.46,2.18,1.65
2024-03,1.71,1.71,4.92,3.03,0.0,-1.11,-1.11,14.22,14.22,14.22,0.0,0.0,10.98,14.22,-12.92,0.0,-11.55,0.0,1.76,-11.14,-6.85,2.05,2.05,2.05,0.0,0.0,-2.4,-1.93,9.01,9.01,2.6,-2.25,0.91,7.92,2.15,-0.93,-0.93,-0.93,-1.73,0.0,0.0,-0.93,7.65,7.65,7.65,0.0,0.0,4.93,7.65,2.75,2.75,-0.23,0.27,0.0,0.8,-0.69,11.21,1.05,11.21,0.0,0.0,11.21,11.21,-1.98,-1.98,-2.03,1.38,0.86,-3.84,-4.46
2024-04,-7.46,-7.46,-1.73,0.71,-5.92,-0.05,-0.11,-4.38,-4.38,-3.62,16.41,15.03,0.0,-1.59,4.26,0.0,4.68,0.0,5.28,-3.84,-5.6,-2.98,-2.98,-2.15,-1.02,0.16,-2.45,-0.69,7.85,7.85,7.85,0.0,0.0,-3.25,7.85,-11.41,-11.41,-0.84,-1.2,-2.59,-3.03,1.72,-3.72,-3.72,-8.21,2.91,5.01,-1.93,-1.91,0.96,0.96,-3.17,-1.64,2.02,-0.34,-1.96,1.75,1.75,1.43,1.12,0.0,2.91,2.06,-8.6,-6.79,0.0,0.0,-8.6,-3.37,0.0
2024-05,6.82,6.82,0.47,0.06,6.17,0.51,-0.37,26.89,26.89,18.92,0.0,0.0,22.6,18.92,-2.84,0.0,-2.23,0.0,0.0,-3.92,-2.84,0.82,0.82,-3.95,-3.96,5.5,-1.48,-3.2,5.97,5.97,5.97,0.0,0.0,6.56,5.68,8.52,8.52,-3.1,7.98,10.46,-1.27,0.0,5.68,5.68,5.67,2.6,0.0,2.65,3.52,1.88,1.88,-0.16,0.53,0.0,1.24,0.47,-0.05,-0.05,-3.37,1.58,5.46,-3.57,0.0,2.26,0.0,-1.0,0.0,4.51,0.61,-2.12
2024-06,7.67,7.67,4.22,2.09,0.0,3.2,3.25,12.69,12.69,12.69,4.55,0.0,7.69,7.69,11.12,0.0,4.36,0.0,0.0,11.11,2.92,9.53,9.53,5.07,2.69,4.75,4.8,3.16,5.72,5.72,5.51,0.0,0.0,-1.07,2.4,8.12,8.12,4.18,0.0,0.0,8.12,1.9,-0.18,-0.18,-2.7,1.7,3.62,2.06,-2.87,1.93,1.93,0.82,0.45,0.0,-2.07,-2.63,-1.83,-1.83,0.0,0.58,-0.05,0.89,0.0,-0.35,0.0,-1.84,0.0,0.0,-1.15,0.0
2024-07,-6.4,-6.4,-2.25,-1.2,-2.51,1.68,0.52,-5.28,-5.28,-1.04,2.88,2.37,0.0,0.0,17.28,-0.07,11.02,7.35,0.0,20.82,20.82,-3.24,-3.24,-5.28,-4.53,0.0,0.59,-0.32,-5.82,-5.82,-0.31,2.76,-0.68,1.55,-0.67,-5.83,-5.83,-5.49,2.16,2.73,-7.66,-1.11,5.79,5.79,4.1,0.0,0.0,3.65,4.1,4.85,4.85,4.85,0.87,0.0,2.93,2.18,3.01,3.01,3.11,4.32,0.0,1.7,2.88,8.0,0.0,4.85,0.0,0.0,6.06,5.58
2024-08,-0.11,-0.11,-1.7,-1.5,0.77,0.2,0.0,2.01,2.01,-8.22,1.41,-0.8,2.73,-5.7,-7.74,-7.74,-2.87,0.0,0.0,-7.47,0.0,-4.54,-4.54,1.3,3.06,5.66,0.46,0.0,-4.76,-4.76,-1.72,2.55,-2.89,0.21,0.0,9.79,9.79,2.24,0.33,4.77,5.76,0.16,5.64,5.64,-4.12,2.37,4.31,6.21,1.86,8.59,8.59,8.59,0.0,0.0,5.02,8.59,0.25,0.25,0.25,4.07,0.0,-6.09,-4.03,5.87,4.64,3.21,0.0,0.0,2.95,5.87
2024-09,3.15,3.15,-3.29,-0.05,0.0,-0.06,0.14,1.74,1.74,-10.11,-2.11,0.0,-7.84,0.0,22.19,22.19,21.02,0.0,0.0,22.13,13.61,4.39,4.39,-2.19,-0.97,0.0,4.39,0.93,1.65,1.65,-2.24,-5.24,1.28,0.38,1.11,9.91,9.91,1.41,-0.05,4.96,7.29,6.68,-6.2,-6.2,-8.14,-1.61,2.53,-5.54,-5.54,-0.16,-0.16,-0.43,1.56,0.0,-1.88,-1.97,-0.61,-0.61,-0.11,4.63,3.29,-1.21,-4.09,-2.29,-2.29,-1.91,-1.33,0.86,-0.68,-1.07
2024-10,-5.57,-5.57,-7.59,-0.02,4.28,-7.17,-5.97,9.32,9.32,9.32,4.9,0.0,14.68,6.22,-4.5,-4.5,-19.44,8.13,19.48,-11.86,-15.38,0.04,0.04,-4.75,0.05,0.0,-5.38,-3.05,3.17,3.17,-1.03,0.0,0.0,-0.42,3.17,-0.85,-0.85,-1.58,0.8,0.0,3.09,0.65,5.89,5.89,7.66,2.54,0.73,5.16,3.93,-9.11,-9.11,-2.4,-5.02,-6.97,0.0,0.0,-0.38,-0.38,1.97,-1.88,0.0,2.88,-0.03,-1.36,-1.36,-3.23,-0.06,1.21,-1.62,-2.67
2024-11,4.42,4.42,3.91,0.0,0.0,-2.84,-0.05,4.14,4.14,1.89,12.08,0.0,-4.73,-6.73,38.15,38.15,38.15,18.7,0.0,33.17,38.15,11.53,11.53,10.32,5.34,0.0,3.22,6.37,-1.26,-1.26,-2.07,3.92,0.0,2.4,-2.08,1.19,1.19,-3.76,7.5,3.41,-0.92,0.0,12.53,12.53,12.53,0.0,0.0,0.97,0.97,-1.14,-1.14,0.0,-4.21,-1.47,1.21,0.0,1.84,1.84,-2.14,1.46,5.16,-1.92,-2.18,-2.26,-2.26,0.12,-2.29,2.52,0.65,0.0
2024-12,-0.46,-6.22,0.27,-3.21,0.0,3.15,1.39,-2.86,-2.86,0.0,1.03,0.0,-4.28,0.0,17.0,17.0,17.0,0.0,0.0,10.52,20.87,5.53,5.53,-0.57,0.0,0.0,4.51,0.51,12.17,12.17,-3.17,1.45,0.0,8.94,2.18,2.03,2.03,-2.3,1.67,0.0,0.72,0.72,-4.01,-4.01,-3.33,-0.73,5.44,-1.44,-2.8,-2.84,-2.41,-0.93,0.0,0.0,-2.84,0.0,-8.81,-8.81,-0.14,-8.81,-5.92,0.0,0.0,-6.7,-6.7,-1.91,0.0,-3.33,-4.27,0.0
2025-01,-1.53,-1.53,-6.58,1.46,1.68,-3.18,-7.09,-10.59,-10.59,1.7,3.26,1.35,-16.7,-10.93,0.19,0.19,3.59,1.59,0.0,0.0,0.0,8.34,8.34,0.86,4.6,0.0,1.09,2.92,7.78,7.78,6.61,4.25,0.0,-4.29,7.78,17.71,17.71,15.92,2.24,0.0,7.36,8.23,12.09,12.09,10.93,0.0,0.0,10.93,9.4,1.96,0.0,2.47,0.0,2.27,1.53,-0.66,-0.69,0.22,-2.68,-0.05,1.05,-0.74,-3.21,5.21,-0.05,3.43,0.0,1.06,5.21,2.91
2025-02,-4.16,-3.55,0.13,0.0,1.09,-3.06,0.0,4.04,4.04,-10.43,-4.16,11.19,-1.81,0.0,-27.59,-27.59,-5.22,-12.93,-19.02,0.0,0.0,-10.69,-10.69,-3.83,-4.8,-4.8,-3.64,-3.64,-16.54,-16.54,-9.21,-8.17,0.0,-6.31,-6.27,-3.04,-3.04,-2.3,-3.88,1.58,2.07,2.07,-0.99,-0.99,-3.23,-0.86,2.77,3.06,-0.24,12.18,0.0,12.18,0.0,0.0,12.18,12.18,5.14,0.0,1.23,0.0,0.0,2.05,-0.65,9.33,0.0,9.33,0.0,0.0,9.33,9.33
2025-03,-5.44,0.0,-3.94,0.0,-1.49,-3.47,0.0,-13.23,-5.15,-16.71,-7.39,9.71,-8.34,0.0,-11.54,-11.54,-1.72,-15.15,-5.03,9.64,0.0,-10.37,-10.37,0.0,-7.62,-4.3,-3.08,0.0,-9.08,-9.08,0.0,1.56,0.15,-5.06,0.0,-13.67,-13.67,0.0,-10.84,-6.23,-8.02,0.0,-7.31,-7.31,0.96,-4.21,-6.32,1.47,0.0,1.32,3.11,-0.85,1.36,0.0,-1.64,-1.83,6.83,0.0,-0.48,0.0,5.93,2.77,1.09,0.5,1.79,-1.26,1.98,0.0,0.46,-1.36
2025-04,5.29,0.0,-0.78,0.0,8.41,-4.67,0.82,0.5,0.0,3.42,0.0,12.19,-7.94,0.0,8.87,-2.68,-6.03,0.0,0.0,-19.65,-1.03,-3.07,-9.02,-9.07,0.0,4.45,-9.88,0.0,2.69,-6.47,2.17,0.0,2.81,3.81,0.0,-4.75,-4.75,0.0,1.58,10.07,2.87,0.0,0.34,0.34,-11.14,0.0,12.22,-10.76,0.0,1.3,1.3,0.9,0.0,0.0,-5.93,-6.75,-11.18,0.0,-15.31,0.0,4.01,-7.09,-5.51,-5.75,-5.75,0.57,0.0,2.65,-0.79,0.0
2025-05,16.68,0.0,16.68,0.0,0.0,14.05,16.68,24.06,0.0,21.01,0.0,0.0,24.06,17.96,22.79,0.0,22.79,0.0,0.0,22.79,22.79,11.16,0.0,7.73,2.33,0.0,11.16,6.68,8.15,0.0,5.11,0.0,0.0,4.15,-4.3,17.94,6.92,13.1,2.33,0.0,17.44,8.4,7.92,7.92,7.92,0.0,0.0,6.52,6.88,-0.62,-0.62,1.02,2.89,3.45,0.52,-1.79,-2.26,0.0,-1.09,0.0,0.0,-3.72,-4.9,0.15,0.15,-1.44,0.0,4.02,-3.05,0.0
2025-06,8.05,5.16,8.05,0.0,0.0,-0.06,8.05,16.93,0.1,16.93,0.0,0.0,8.12,16.93,-8.31,0.0,-13.24,-1.9,22.35,-4.99,-4.21,7.01,0.0,7.01,1.96,0.0,-2.43,-0.19,2.74,0.0,1.12,0.0,0.0,-2.38,-2.9,14.08,5.07,14.08,0.0,0.0,2.25,14.08,9.81,9.81,9.81,0.0,0.0,5.37,9.81,-1.17,-1.17,-0.85,-0.54,1.57,-2.98,-3.19,5.38,0.0,-1.81,0.0,0.0,4.1,-1.43,-1.58,0.07,-2.04,0.0,1.93,-2.93,-2.7
2025-07,7.26,7.26,7.26,0.0,0.0,-1.13,7.26,12.58,12.58,12.58,3.91,0.0,5.67,12.58,-2.96,2.47,-13.07,-2.55,0.0,-4.21,0.0,6.71,6.67,6.71,0.0,0.0,-0.22,6.71,8.89,0.83,10.01,0.0,0.0,6.81,7.37,4.79,4.79,-3.45,1.33,0.0,-3.37,-3.8,2.68,2.68,2.68,0.0,0.0,-2.74,2.68,-4.04,-4.04,0.4,1.15,-0.39,-3.15,0.0,3.56,0.0,-1.22,-1.65,0.0,-1.81,-6.37,7.85,5.36,5.69,0.0,2.02,5.6,4.42
2025-08,-4.87,-4.87,-5.25,-0.53,0.0,-2.47,-2.55,-2.07,-2.07,2.14,1.62,0.0,0.0,-1.3,8.3,0.1,-0.46,0.0,0.0,-2.66,-9.18,-2.18,-2.18,-2.94,5.63,7.45,-11.69,-8.32,10.95,10.95,10.95,3.29,0.0,1.92,10.95,-4.49,-4.49,0.45,-1.75,0.0,-2.94,-2.94,1.75,1.75,-0.19,1.1,0.0,0.85,-2.3,1.62,1.62,-2.76,3.27,2.34,-0.93,-2.67,3.33,8.94,2.23,0.0,0.0,6.34,1.32,8.33,8.33,8.33,0.0,0.0,7.86,8.33
2025-09,2.22,2.22,-0.05,0.0,0.0,0.45,-0.05,7.13,7.13,1.57,5.49,1.71,1.03,1.57,33.2,5.43,33.2,0.0,0.0,24.92,33.2,-4.12,-4.12,-3.67,-2.5,-0.57,-4.89,-3.51,14.28,14.28,14.28,-1.68,0.0,16.12,14.67,-0.52,-0.52,-3.95,-1.57,0.0,-0.56,-3.89,4.65,4.65,4.65,0.0,0.0,0.22,0.22,-3.13,-3.13,0.0,-2.13,0.0,0.0,0.0,-1.35,-1.35,-0.48,2.89,0.0,-7.78,-1.35,4.66,4.66,-1.75,0.77,1.95,2.04,1.32
2025-10,-0.03,-0.03,-4.62,1.04,0.0,-1.38,-3.99,8.53,8.53,-5.6,0.0,0.0,1.93,-2.91,2.66,2.66,-1.35,0.0,0.0,-3.4,-7.92,11.23,11.23,5.99,0.0,2.52,6.3,6.48,15.67,15.67,12.79,4.7,6.01,8.13,9.55,-11.71,-11.71,-14.31,-0.17,-0.86,-9.06,-11.32,-0.89,-0.89,-2.72,-0.5,0.98,0.21,-1.06,3.89,0.03,2.72,0.75,0.0,3.84,2.01,1.43,1.43,-0.85,4.23,0.0,-0.4,-2.55,1.86,1.86,1.81,0.99,0.0,4.0,2.63
2025-11,-4.8,-4.8,-2.33,-1.96,-0.89,-0.2,-0.72,-12.59,-12.59,-7.89,5.73,0.0,-7.16,-7.77,-5.78,-5.78,-12.0,3.82,6.96,-5.25,-5.97,-4.5,-4.5,-11.13,-4.85,0.0,-3.95,-3.95,13.87,13.87,13.87,0.0,0.0,5.75,7.38,-0.06,-0.06,-1.69,0.0,-1.92,5.64,0.0,0.63,0.63,-3.73,0.77,0.0,-2.46,-2.46,6.12,0.0,6.17,0.18,0.0,2.19,0.63,2.25,2.25,2.25,-0.09,0.0,-0.54,-0.94,10.25,10.25,4.23,-0.29,0.0,7.07,7.38
2025-12,-1.71,-1.71,-0.75,0.0,-0.25,-2.56,0.0,5.37,5.37,-4.06,3.31,5.77,-4.37,-1.48,4.54,4.54,-1.11,-2.21,-0.05,6.74,-0.23,-1.03,-1.03,-4.63,3.88,0.0,-0.62,0.0,-2.18,-2.18,-5.52,0.09,0.0,-2.0,-2.41,1.96,0.29,3.24,0.0,0.0,1.96,-0.19,2.92,2.92,2.17,5.51,0.0,2.87,1.11,-3.72,-0.18,-3.35,-0.31,0.0,-2.72,-3.02,3.81,3.81,2.2,2.87,0.0,-3.47,-4.36,0.01,0.01,0.01,1.9,0.0,-3.8,-4.08
2026-01,-11.03,-6.76,-0.95,-0.13,3.68,-14.36,0.0,2.48,2.48,-5.3,0.0,5.29,0.91,-1.08,-4.29,-4.29,-3.77,9.37,3.27,0.0,0.0,3.67,3.67,5.9,3.78,0.0,-2.22,-0.98,7.99,7.99,6.73,3.39,0.0,0.68,4.92,8.55,0.0,-4.09,0.0,2.52,8.44,4.62,-4.64,-4.64,-5.67,-1.54,0.99,1.11,-3.13,7.01,7.01,4.21,0.26,1.91,6.06,4.96,17.5,17.5,17.5,0.0,0.0,17.5,17.5,9.81,9.81,2.55,1.46,0.0,6.31,2.55
2026-02,-8.52,0.0,0.0,0.0,-8.52,-2.01,0.0,-7.29,-7.29,-7.27,2.71,6.33,-11.41,-16.35,-6.48,-6.48,0.0,1.07,-0.55,-10.11,0.0,-12.24,-12.24,0.0,0.0,-5.75,-0.69,0.0,-7.76,-7.76,-8.05,-2.54,-2.19,-1.52,-4.53,-9.54,0.0,-10.82,0.0,0.0,-6.44,-9.35,-1.83,-1.83,-7.79,1.93,2.88,-4.0,0.0,9.02,9.02,9.02,0.0,0.0,7.55,9.02,8.57,8.57,8.57,0.0,0.0,4.02,8.57,9.9,9.9,9.9,0.0,0.0,8.13,9.9
2026-03,-5.75,0.0,-6.82,0.0,-0.4,-2.82,0.0,-1.57,-1.57,0.31,4.18,1.79,-0.05,-0.05,-7.64,-7.64,0.0,3.82,1.43,-10.46,0.0,-0.82,1.21,-3.18,0.0,7.77,-5.12,0.0,-7.7,-7.7,0.0,0.73,-1.99,-5.5,0.0,-11.66,0.0,-3.09,0.0,-6.74,-5.59,0.0,-2.04,-5.86,0.0,0.0,3.26,2.6,0.0,-6.11,-6.11,-4.56,-0.83,0.0,-1.74,-4.29,11.25,11.25,11.25,2.23,0.0,6.78,5.45,-1.61,-1.61,-2.83,3.47,1.74,0.0,-3.59
2026-04,10.16,0.0,-0.89,0.0,3.78,9.3,-0.89,14.43,14.43,5.37,0.0,1.81,12.45,5.75,2.66,-7.08,-1.29,0.0,5.38,4.74,-7.04,27.27,0.0,13.39,0.0,1.05,25.81,19.74,33.82,33.82,19.7,-0.05,4.27,30.04,21.21,6.95,0.0,-7.68,0.0,6.99,6.36,-3.61,7.03,0.0,6.97,1.56,0.0,5.62,5.97,3.56,3.56,-4.64,1.19,0.0,-3.1,-2.55,-9.04,-9.04,-10.08,-7.11,0.0,-5.33,-7.97,-5.97,-5.97,-2.92,-3.35,-0.41,-2.56,0.0
2026-05,10.65,0.0,10.3,0.0,0.0,1.38,5.34,5.8,5.8,5.8,3.85,0.0,1.28,-2.78,14.19,0.0,14.19,3.8,0.0,8.09,5.78,2.11,-1.63,1.23,3.41,0.0,1.43,-0.4,-1.16,-1.16,1.33,0.54,0.0,3.1,-0.53,3.37,0.0,-1.67,0.0,0.0,-0.53,-0.05,-4.44,0.0,-1.27,-0.05,1.32,0.0,-1.83,0.32,0.32,0.5,0.0,0.0,2.04,0.32,-5.24,-5.24,-5.62,-0.51,0.0,-6.88,-6.44,-1.4,-1.4,-2.25,1.23,0.2,-1.7,-2.25
2026-06,-17.16,0.0,-13.26,0.0,0.0,-7.55,-8.6,-8.71,-8.71,5.48,4.41,-6.17,0.0,0.0,-12.87,0.0,-10.32,-2.37,-2.93,-4.62,-10.32,-14.02,-14.02,0.0,-4.19,-9.34,0.0,0.0,-11.24,-11.24,0.0,-4.2,-6.75,0.0,0.0,-12.92,0.0,-9.77,0.0,-3.59,-10.2,0.0,9.94,5.29,5.79,0.0,0.0,5.79,5.29,5.26,5.26,-0.03,2.03,5.78,-4.51,-0.61,-6.0,-6.0,4.95,-0.46,-0.97,0.0,0.0,13.02,13.02,13.02,5.79,0.0,4.48,7.34
