ts,r,side,session,sym
2026-03-05 17:15:00+00:00,-1.2487205731832152,long,2026-03-06,MU
2026-03-08 16:00:00+00:00,0.05216197666437772,long,2026-03-09,MU
2026-03-08 17:00:00+00:00,0.3211726920859581,long,2026-03-09,MU
2026-03-08 22:00:00+00:00,-1.4101608852830072,long,2026-03-09,MU
2026-03-09 19:15:00+00:00,-0.30724742454364407,short,2026-03-10,MU
2026-03-09 19:45:00+00:00,0.01799347094054715,short,2026-03-10,MU
2026-03-09 22:00:00+00:00,0.691872427983542,short,2026-03-10,MU
2026-03-15 21:45:00+00:00,-0.2862595419847347,short,2026-03-16,MU
2026-03-15 22:45:00+00:00,-1.3256872213967208,short,2026-03-16,MU
2026-03-15 23:15:00+00:00,-1.1482521051288774,short,2026-03-16,MU
2026-03-17 18:00:00+00:00,-0.9861117157908605,short,2026-03-18,MU
2026-03-17 18:30:00+00:00,-0.9136482996592754,short,2026-03-18,MU
2026-03-17 19:45:00+00:00,-0.5372151460012242,short,2026-03-18,MU
2026-03-17 21:15:00+00:00,-0.32383419689119286,short,2026-03-18,MU
2026-03-17 22:45:00+00:00,-1.0138625796452416,short,2026-03-18,MU
2026-03-18 20:15:00+00:00,-2.0824998888740787,long,2026-03-19,MU
2026-03-18 21:15:00+00:00,-1.3194972491836987,long,2026-03-19,MU
2026-03-22 18:30:00+00:00,0.2218511450381655,long,2026-03-23,MU
2026-03-22 22:00:00+00:00,0.05498577541895866,long,2026-03-23,MU
2026-03-26 16:15:00+00:00,-2.538071065989844,long,2026-03-27,MU
2026-03-29 16:00:00+00:00,0.15831283747491653,long,2026-03-30,MU
2026-03-31 16:30:00+00:00,0.4774774774774726,short,2026-04-01,MU
2026-03-31 17:00:00+00:00,-0.576074889735656,short,2026-04-01,MU
2026-03-31 19:15:00+00:00,-0.19259829920885707,short,2026-04-01,MU
2026-03-31 19:45:00+00:00,0.44559860713547783,short,2026-04-01,MU
2026-03-31 22:00:00+00:00,-0.8045405342149037,short,2026-04-01,MU
2026-03-31 23:45:00+00:00,-0.12228142195824798,short,2026-04-01,MU
2026-04-07 22:30:00+00:00,-3.063569057952509,short,2026-04-08,MU
2026-04-09 17:30:00+00:00,-2.440087145969505,short,2026-04-10,MU
2026-04-09 18:45:00+00:00,-1.201778632375916,short,2026-04-10,MU
2026-04-09 20:30:00+00:00,0.2633451957295363,short,2026-04-10,MU
2026-04-12 17:30:00+00:00,0.04639124914542769,long,2026-04-13,MU
2026-04-12 19:45:00+00:00,-0.03671970624234966,long,2026-04-13,MU
2026-04-12 21:00:00+00:00,0.34064452885675944,long,2026-04-13,MU
2026-04-13 18:45:00+00:00,-2.5358350397638008,short,2026-04-14,MU
2026-04-14 16:15:00+00:00,-2.801782338644343,short,2026-04-15,MU
2026-04-14 17:00:00+00:00,-1.5942899072777017,short,2026-04-15,MU
2026-04-14 19:45:00+00:00,1.0469631632018195,short,2026-04-15,MU
2026-04-22 19:00:00+00:00,0.528304953874903,short,2026-04-23,MU
2026-04-23 16:30:00+00:00,2.458202452122804,short,2026-04-24,MU
2026-04-26 16:45:00+00:00,0.04621350639957278,short,2026-04-27,MU
2026-04-26 20:30:00+00:00,0.6942221510883417,short,2026-04-27,MU
2026-05-03 16:00:00+00:00,-0.33702720029304967,short,2026-05-04,MU
2026-05-05 22:15:00+00:00,0.05221620492621426,short,2026-05-06,MU
2026-05-10 20:30:00+00:00,-0.4799188429923995,long,2026-05-11,MU
2026-05-10 23:45:00+00:00,4.025474011761299,long,2026-05-11,MU
2026-05-11 18:30:00+00:00,1.9073937607467562,short,2026-05-12,MU
2026-05-12 16:15:00+00:00,4.607487166645807,long,2026-05-13,MU
2026-05-14 19:45:00+00:00,0.5204117034809608,long,2026-05-15,MU
2026-05-17 19:45:00+00:00,-0.1989859892056911,short,2026-05-18,MU
2026-05-17 21:00:00+00:00,0.8176314536426088,short,2026-05-18,MU
2026-05-17 23:15:00+00:00,-1.7183889757460769,long,2026-05-18,MU
2026-05-19 16:15:00+00:00,-0.6512545813363468,short,2026-05-20,MU
2026-05-24 21:00:00+00:00,0.4141288004281485,short,2026-05-25,MU
2026-05-25 22:45:00+00:00,-0.08776504407331798,long,2026-05-26,MU
2026-05-26 18:15:00+00:00,0.7023521653110598,short,2026-05-27,MU
2026-05-26 19:00:00+00:00,1.2646073606913388,short,2026-05-27,MU
2026-05-28 16:45:00+00:00,1.7426259352408158,short,2026-05-29,MU
2026-05-31 18:00:00+00:00,0.08951110842913002,short,2026-06-01,MU
2026-06-01 16:45:00+00:00,1.1615900877645968,short,2026-06-02,MU
2026-06-02 19:30:00+00:00,0.4056453874193955,short,2026-06-03,MU
2026-06-10 22:45:00+00:00,4.299781056203211,long,2026-06-11,MU
2026-06-11 17:30:00+00:00,-4.426433915211958,short,2026-06-12,MU
2026-06-14 21:15:00+00:00,-0.5357702554458665,short,2026-06-15,MU
2026-06-15 16:00:00+00:00,0.08600201596121737,short,2026-06-16,MU
2026-06-15 17:15:00+00:00,-0.8171963309552499,short,2026-06-16,MU
2026-06-17 18:30:00+00:00,2.6491526202177096,short,2026-06-18,MU
2026-06-18 16:30:00+00:00,-1.261542002709004,short,2026-06-19,MU
2026-06-18 17:15:00+00:00,-0.6766149893536522,short,2026-06-19,MU
2026-06-18 19:15:00+00:00,-0.08302526589933912,short,2026-06-19,MU
2026-06-18 21:45:00+00:00,0.14203930331452286,short,2026-06-19,MU
2026-06-21 23:00:00+00:00,2.5474769157079358,long,2026-06-22,MU
2026-06-22 16:15:00+00:00,0.5641443810221136,short,2026-06-23,MU
2026-06-22 19:45:00+00:00,-2.002999143101958,short,2026-06-23,MU
2026-06-23 17:45:00+00:00,-0.489459610133125,long,2026-06-24,MU
2026-06-24 19:00:00+00:00,18.189718897968167,long,2026-06-25,MU
2026-06-24 20:00:00+00:00,-3.8127270515026845,short,2026-06-25,MU
2026-06-28 16:00:00+00:00,-0.03660290208722383,short,2026-06-29,MU
2026-06-28 20:30:00+00:00,0.18060212229096262,short,2026-06-29,MU
2026-06-28 23:30:00+00:00,0.9945914239133269,short,2026-06-29,MU
2026-06-30 16:00:00+00:00,1.1886638283232442,short,2026-07-01,MU
2026-07-01 17:45:00+00:00,-0.5196726350572334,long,2026-07-02,MU
2026-07-01 20:00:00+00:00,0.7007824269815943,long,2026-07-02,MU
2026-07-05 22:15:00+00:00,1.4362777506299884,short,2026-07-06,MU
2026-07-05 23:00:00+00:00,1.361091170136397,short,2026-07-06,MU
2026-07-05 23:45:00+00:00,-0.8121124673400204,long,2026-07-06,MU
2026-07-06 17:30:00+00:00,1.4298172673251175,long,2026-07-07,MU
2026-07-06 22:45:00+00:00,-1.8693413629029876,long,2026-07-07,MU
2026-07-09 17:15:00+00:00,1.934986784742465,short,2026-07-10,MU
2026-07-12 22:00:00+00:00,1.2300388433319043,long,2026-07-13,MU
2026-07-12 23:00:00+00:00,-1.083902047370533,long,2026-07-13,MU
2026-07-12 23:45:00+00:00,-2.5733471074380176,long,2026-07-13,MU
2026-07-13 23:00:00+00:00,2.3488987166146558,long,2026-07-14,MU
2026-07-13 23:30:00+00:00,2.728465238303457,long,2026-07-14,MU
2026-07-16 16:00:00+00:00,0.04708763007956751,long,2026-07-17,MU
2026-07-16 17:30:00+00:00,0.6371991661929144,long,2026-07-17,MU
2026-07-19 22:30:00+00:00,-1.0517752338892405,short,2026-07-20,MU
2026-07-19 23:15:00+00:00,0.5393793095482824,short,2026-07-20,MU
2026-07-26 22:00:00+00:00,0.4508015419940614,short,2026-07-27,MU
2026-07-28 22:45:00+00:00,6.790672493135852,long,2026-07-29,MU
2026-07-29 19:45:00+00:00,-2.3554545946238292,long,2026-07-30,MU
2026-08-02 23:00:00+00:00,2.144644207831503,short,2026-08-03,MU
2026-08-04 19:00:00+00:00,1.7535270817570892,short,2026-08-05,MU
2026-03-05 17:30:00+00:00,0.5404200791130354,long,2026-03-06,NVDA
2026-03-05 18:15:00+00:00,1.7089243828884104,long,2026-03-06,NVDA
2026-03-08 16:00:00+00:00,-0.04549849286242802,long,2026-03-09,NVDA
2026-03-08 17:15:00+00:00,-0.005692491603570549,long,2026-03-09,NVDA
2026-03-08 19:15:00+00:00,0.347261755664352,long,2026-03-09,NVDA
2026-03-08 22:30:00+00:00,-0.2351321901703285,long,2026-03-09,NVDA
2026-03-09 19:15:00+00:00,0.1867516203449382,short,2026-03-10,NVDA
2026-03-09 20:45:00+00:00,0.28046634403871007,short,2026-03-10,NVDA
2026-03-11 23:00:00+00:00,-0.27619821283509927,long,2026-03-12,NVDA
2026-03-11 23:30:00+00:00,0.27157677475422304,long,2026-03-12,NVDA
2026-03-15 17:15:00+00:00,0.19271005395881113,short,2026-03-16,NVDA
2026-03-15 23:00:00+00:00,0.04392949316347483,short,2026-03-16,NVDA
2026-03-16 18:00:00+00:00,0.9386125795663003,short,2026-03-17,NVDA
2026-03-16 19:00:00+00:00,1.712808359366591,short,2026-03-17,NVDA
2026-03-16 19:15:00+00:00,0.3460967972312323,long,2026-03-17,NVDA
2026-03-18 18:45:00+00:00,-0.48557082160789466,long,2026-03-19,NVDA
2026-03-18 19:30:00+00:00,-0.17143173146049184,long,2026-03-19,NVDA
2026-03-22 19:30:00+00:00,-0.5422868351217303,long,2026-03-23,NVDA
2026-03-26 16:15:00+00:00,-1.0343638662222765,long,2026-03-27,NVDA
2026-03-29 22:30:00+00:00,-0.4506128334535009,long,2026-03-30,NVDA
2026-03-30 19:15:00+00:00,0.39472885164268945,long,2026-03-31,NVDA
2026-03-30 23:00:00+00:00,0.5350845190319697,long,2026-03-31,NVDA
2026-03-31 16:15:00+00:00,-1.3212510961706947,short,2026-04-01,NVDA
2026-03-31 18:30:00+00:00,-0.5879640304357947,short,2026-04-01,NVDA
2026-04-05 21:45:00+00:00,0.20961985156648932,short,2026-04-06,NVDA
2026-04-07 19:45:00+00:00,-0.3480017961382975,short,2026-04-08,NVDA
2026-04-07 22:00:00+00:00,-1.8110104994167209,short,2026-04-08,NVDA
2026-04-07 22:30:00+00:00,-0.7662624035281063,short,2026-04-08,NVDA
2026-04-12 16:00:00+00:00,0.233239314384881,long,2026-04-13,NVDA
2026-04-12 17:30:00+00:00,0.14116625040720976,long,2026-04-13,NVDA
2026-04-14 17:15:00+00:00,-0.7494097115285925,short,2026-04-15,NVDA
2026-04-14 19:00:00+00:00,0.2649951587422872,short,2026-04-15,NVDA
2026-04-14 21:15:00+00:00,0.10196798205363011,short,2026-04-15,NVDA
2026-04-20 19:30:00+00:00,-0.039655001487060026,short,2026-04-21,NVDA
2026-04-21 16:00:00+00:00,-0.20937188434695386,long,2026-04-22,NVDA
2026-04-21 17:00:00+00:00,0.49596713591502084,long,2026-04-22,NVDA
2026-04-23 17:15:00+00:00,-0.19028542814221172,long,2026-04-24,NVDA
2026-04-26 17:30:00+00:00,-0.21017434917602884,short,2026-04-27,NVDA
2026-04-26 18:30:00+00:00,-0.41091308710401453,short,2026-04-27,NVDA
2026-04-27 16:30:00+00:00,-1.186790505675961,short,2026-04-28,NVDA
2026-04-27 17:00:00+00:00,-0.8308439133681844,short,2026-04-28,NVDA
2026-04-27 19:45:00+00:00,-0.27211511853151293,short,2026-04-28,NVDA
2026-04-27 23:15:00+00:00,0.49748973071657154,short,2026-04-28,NVDA
2026-04-29 16:45:00+00:00,0.16730401529638783,long,2026-04-30,NVDA
2026-04-29 18:00:00+00:00,0.01919109533177199,long,2026-04-30,NVDA
2026-05-03 16:30:00+00:00,-0.24506126531633754,short,2026-05-04,NVDA
2026-05-03 18:45:00+00:00,-0.10468072379241633,short,2026-05-04,NVDA
2026-05-03 20:30:00+00:00,0.11946836577230169,short,2026-05-04,NVDA
2026-05-03 21:30:00+00:00,0.44232394016202603,short,2026-05-04,NVDA
2026-05-06 17:30:00+00:00,-0.5726487430845362,short,2026-05-07,NVDA
2026-05-06 18:15:00+00:00,-0.5454720988607775,short,2026-05-07,NVDA
2026-05-06 19:00:00+00:00,-0.11093961026433785,short,2026-05-07,NVDA
2026-05-06 19:45:00+00:00,0.9237875288683695,short,2026-05-07,NVDA
2026-05-10 20:45:00+00:00,0.06958296608989833,long,2026-05-11,NVDA
2026-05-14 23:30:00+00:00,0.04204153703860625,short,2026-05-15,NVDA
2026-05-17 16:15:00+00:00,0.16406527137282634,short,2026-05-18,NVDA
2026-05-17 20:00:00+00:00,0.0928587220871191,short,2026-05-18,NVDA
2026-05-17 21:30:00+00:00,1.0734637982064754,short,2026-05-18,NVDA
2026-05-17 23:30:00+00:00,-0.6921496829507934,long,2026-05-18,NVDA
2026-05-19 16:30:00+00:00,0.13433036313975633,short,2026-05-20,NVDA
2026-05-19 17:00:00+00:00,0.5352602703064369,short,2026-05-20,NVDA
2026-05-20 20:15:00+00:00,2.557319223985899,short,2026-05-21,NVDA
2026-05-20 21:00:00+00:00,0.27571867655034055,long,2026-05-21,NVDA
2026-05-20 21:45:00+00:00,-0.022627505996297703,long,2026-05-21,NVDA
2026-05-25 22:30:00+00:00,-1.331642358909324,long,2026-05-26,NVDA
2026-05-28 16:30:00+00:00,-0.5326853885332605,short,2026-05-29,NVDA
2026-05-28 17:45:00+00:00,0.37143653078279826,short,2026-05-29,NVDA
2026-05-28 18:30:00+00:00,0.1719730420636778,short,2026-05-29,NVDA
2026-05-31 20:00:00+00:00,0.023205086554978216,long,2026-06-01,NVDA
2026-06-01 17:45:00+00:00,-0.2857397981962828,short,2026-06-02,NVDA
2026-06-01 18:15:00+00:00,0.1644225214415873,short,2026-06-02,NVDA
2026-06-01 19:00:00+00:00,0.20875899440347956,short,2026-06-02,NVDA
2026-06-02 22:45:00+00:00,-0.08112127630807153,long,2026-06-03,NVDA
2026-06-08 22:00:00+00:00,-0.15883711975355208,long,2026-06-09,NVDA
2026-06-10 19:15:00+00:00,-0.14953643704516129,long,2026-06-11,NVDA
2026-06-10 22:45:00+00:00,0.7405554165624384,long,2026-06-11,NVDA
2026-06-10 23:45:00+00:00,1.2228737533203082,long,2026-06-11,NVDA
2026-06-11 19:30:00+00:00,0.36418374283772037,short,2026-06-12,NVDA
2026-06-14 21:30:00+00:00,-0.08616562948779993,short,2026-06-15,NVDA
2026-06-14 22:45:00+00:00,0.052546097258054925,short,2026-06-15,NVDA
2026-06-16 19:45:00+00:00,0.23116933153535246,long,2026-06-17,NVDA
2026-06-17 18:00:00+00:00,-0.8089517535361357,long,2026-06-18,NVDA
2026-06-17 19:15:00+00:00,0.18054064604273723,long,2026-06-18,NVDA
2026-06-21 21:45:00+00:00,0.8481440891980774,short,2026-06-22,NVDA
2026-06-21 23:15:00+00:00,0.23954390839839856,long,2026-06-22,NVDA
2026-06-23 18:30:00+00:00,-0.0248657250845441,long,2026-06-24,NVDA
2026-06-23 19:45:00+00:00,0.4490121732189323,long,2026-06-24,NVDA
2026-06-24 16:45:00+00:00,-1.0072663492859069,long,2026-06-25,NVDA
2026-06-24 18:45:00+00:00,1.6907968006479646,long,2026-06-25,NVDA
2026-06-28 22:00:00+00:00,0.21628302178278158,short,2026-06-29,NVDA
2026-06-28 23:00:00+00:00,0.6572866385950449,short,2026-06-29,NVDA
2026-06-30 17:30:00+00:00,-0.24107277384359804,short,2026-07-01,NVDA
2026-06-30 18:00:00+00:00,-0.5323690422379457,short,2026-07-01,NVDA
2026-06-30 18:45:00+00:00,-0.3563183779985879,short,2026-07-01,NVDA
2026-06-30 22:00:00+00:00,0.15998400159985549,short,2026-07-01,NVDA
2026-07-05 23:00:00+00:00,1.2387954476785201,short,2026-07-06,NVDA
2026-07-06 16:00:00+00:00,0.4709099194895927,short,2026-07-07,NVDA
2026-07-07 16:00:00+00:00,-0.6871278057718699,short,2026-07-08,NVDA
2026-07-08 17:15:00+00:00,-0.7034978107935075,short,2026-07-09,NVDA
2026-07-08 18:45:00+00:00,0.6359456021915566,short,2026-07-09,NVDA
2026-07-13 16:15:00+00:00,-1.0578416149068404,long,2026-07-14,NVDA
2026-07-13 17:15:00+00:00,-0.2005674591527229,long,2026-07-14,NVDA
2026-07-14 16:15:00+00:00,-1.0245413390516989,short,2026-07-15,NVDA
2026-07-14 18:00:00+00:00,0.07070469007778302,short,2026-07-15,NVDA
2026-07-14 18:30:00+00:00,0.22139526119929753,short,2026-07-15,NVDA
2026-07-16 16:00:00+00:00,0.04350137754363104,long,2026-07-17,NVDA
2026-07-16 17:30:00+00:00,-0.014546865150555366,long,2026-07-17,NVDA
2026-07-19 22:00:00+00:00,-0.2748061635096777,short,2026-07-20,NVDA
2026-07-26 22:00:00+00:00,-0.27285782671133685,short,2026-07-27,NVDA
2026-08-02 19:00:00+00:00,0.9942334460131264,short,2026-08-03,NVDA
2026-08-02 21:00:00+00:00,0.41172926290420353,long,2026-08-03,NVDA
2026-08-04 17:00:00+00:00,-0.6669820245979174,short,2026-08-05,NVDA
2026-08-04 20:45:00+00:00,-1.3244723171245365,short,2026-08-05,NVDA
2026-03-08 19:15:00+00:00,0.29496235348911437,short,2026-03-09,AAPL
2026-03-08 21:45:00+00:00,-0.5252018499647182,long,2026-03-09,AAPL
2026-03-08 22:45:00+00:00,-0.44846577498032225,long,2026-03-09,AAPL
2026-03-08 23:30:00+00:00,0.0236854571293188,long,2026-03-09,AAPL
2026-03-09 19:15:00+00:00,-0.1889265885256064,short,2026-03-10,AAPL
2026-03-09 20:30:00+00:00,0.23474178403756207,short,2026-03-10,AAPL
2026-03-11 22:30:00+00:00,-0.1040943789035298,long,2026-03-12,AAPL
2026-03-11 23:30:00+00:00,0.36301845987487535,long,2026-03-12,AAPL
2026-03-15 21:45:00+00:00,-0.1634117178158645,short,2026-03-16,AAPL
2026-03-15 22:45:00+00:00,0.059713375796166535,short,2026-03-16,AAPL
2026-03-15 23:45:00+00:00,0.047749791094664484,short,2026-03-16,AAPL
2026-03-18 16:30:00+00:00,-0.219044963957149,long,2026-03-19,AAPL
2026-03-18 18:30:00+00:00,-0.351241318751494,long,2026-03-19,AAPL
2026-03-22 21:00:00+00:00,0.20109395109395578,long,2026-03-23,AAPL
2026-03-22 22:00:00+00:00,-0.161127895266866,long,2026-03-23,AAPL
2026-03-24 16:15:00+00:00,0.8657160764650618,short,2026-03-25,AAPL
2026-03-29 16:30:00+00:00,0.07268909259783296,short,2026-03-30,AAPL
2026-03-29 20:15:00+00:00,0.08505467800730138,long,2026-03-30,AAPL
2026-03-30 23:45:00+00:00,1.1244652678753297,long,2026-03-31,AAPL
2026-03-31 16:15:00+00:00,-1.1687741832542287,short,2026-04-01,AAPL
2026-04-05 19:30:00+00:00,0.007851142341219752,short,2026-04-06,AAPL
2026-04-05 21:15:00+00:00,0.1805833627762654,short,2026-04-06,AAPL
2026-04-05 22:00:00+00:00,0.5592753052382715,long,2026-04-06,AAPL
2026-04-12 17:30:00+00:00,-0.10466739029305616,long,2026-04-13,AAPL
2026-04-12 22:00:00+00:00,0.4088244369021665,short,2026-04-13,AAPL
2026-04-26 17:15:00+00:00,-0.16183015189965566,short,2026-04-27,AAPL
2026-04-29 16:45:00+00:00,0.3057540705812989,short,2026-04-30,AAPL
2026-04-30 16:00:00+00:00,-0.5457075886316831,short,2026-05-01,AAPL
2026-04-30 17:30:00+00:00,-0.2552229554818375,short,2026-05-01,AAPL
2026-04-30 19:00:00+00:00,1.9146070687584116,short,2026-05-01,AAPL
2026-04-30 20:30:00+00:00,4.141616566466277,long,2026-05-01,AAPL
2026-04-30 21:30:00+00:00,1.632984163933271,short,2026-05-01,AAPL
2026-05-03 17:00:00+00:00,0.13829296833445248,short,2026-05-04,AAPL
2026-05-03 18:00:00+00:00,0.05318394553964767,short,2026-05-04,AAPL
2026-05-03 21:45:00+00:00,0.3434357739696803,short,2026-05-04,AAPL
2026-05-10 20:00:00+00:00,-0.4414711176011221,long,2026-05-11,AAPL
2026-05-13 16:15:00+00:00,-0.5118426334805193,short,2026-05-14,AAPL
2026-05-17 16:30:00+00:00,0.270306347193483,short,2026-05-18,AAPL
2026-05-17 17:30:00+00:00,0.003344481605349614,long,2026-05-18,AAPL
2026-05-17 23:30:00+00:00,0.352053646269912,long,2026-05-18,AAPL
2026-05-20 17:30:00+00:00,-0.21568172014465592,short,2026-05-21,AAPL
2026-05-20 18:45:00+00:00,0.14559412329174792,short,2026-05-21,AAPL
2026-05-21 17:15:00+00:00,-0.1739415818838408,short,2026-05-22,AAPL
2026-05-25 16:00:00+00:00,0.25996533795493715,long,2026-05-26,AAPL
2026-05-25 23:15:00+00:00,-0.34390769131873444,long,2026-05-26,AAPL
2026-06-01 16:00:00+00:00,0.3424545839992188,long,2026-06-02,AAPL
2026-06-02 16:45:00+00:00,-0.044483985765109146,short,2026-06-03,AAPL
2026-06-03 16:15:00+00:00,0.02903319461917686,long,2026-06-04,AAPL
2026-06-09 16:15:00+00:00,0.5175090564084828,long,2026-06-10,AAPL
2026-06-10 16:30:00+00:00,-0.23870417732310134,short,2026-06-11,AAPL
2026-06-10 17:45:00+00:00,0.8557747818114025,short,2026-06-11,AAPL
2026-06-11 17:15:00+00:00,0.16877637130802148,short,2026-06-12,AAPL
2026-06-14 21:45:00+00:00,-0.1369394043135852,short,2026-06-15,AAPL
2026-06-16 16:00:00+00:00,-0.010022718161173394,short,2026-06-17,AAPL
2026-06-16 16:45:00+00:00,0.08675342008674924,short,2026-06-17,AAPL
2026-06-16 17:15:00+00:00,0.692041522491349,short,2026-06-17,AAPL
2026-06-17 18:45:00+00:00,0.3626995695061197,long,2026-06-18,AAPL
2026-06-21 21:00:00+00:00,-0.19991190322907748,long,2026-06-22,AAPL
2026-06-21 22:00:00+00:00,0.5598914149983258,long,2026-06-22,AAPL
2026-06-21 23:30:00+00:00,0.5741854381136724,long,2026-06-22,AAPL
2026-06-28 22:30:00+00:00,-1.0253871720529162,short,2026-06-29,AAPL
2026-06-28 23:00:00+00:00,-0.38452040780327934,short,2026-06-29,AAPL
2026-06-29 16:00:00+00:00,0.27413842210195494,long,2026-06-30,AAPL
2026-06-29 16:30:00+00:00,0.6525227313246562,long,2026-06-30,AAPL
2026-07-05 18:15:00+00:00,-0.016195381077310778,short,2026-07-06,AAPL
2026-07-08 16:45:00+00:00,-0.19795025701605518,short,2026-07-09,AAPL
2026-07-12 16:00:00+00:00,0.03807227386656287,short,2026-07-13,AAPL
2026-07-12 22:00:00+00:00,0.4280466379172676,long,2026-07-13,AAPL
2026-07-16 16:45:00+00:00,-0.39775809076116886,short,2026-07-17,AAPL
2026-07-16 17:15:00+00:00,-0.030037246185266042,short,2026-07-17,AAPL
2026-07-16 18:45:00+00:00,0.20109250255118116,short,2026-07-17,AAPL
2026-07-16 22:45:00+00:00,-0.23042164167939028,short,2026-07-17,AAPL
2026-07-19 22:30:00+00:00,0.5762914302776756,short,2026-07-20,AAPL
2026-07-19 23:30:00+00:00,0.6416952693627964,short,2026-07-20,AAPL
2026-07-20 16:30:00+00:00,0.2927129872130507,long,2026-07-21,AAPL
2026-07-23 16:15:00+00:00,-0.049918881817034855,long,2026-07-24,AAPL
2026-07-26 16:30:00+00:00,0.05401836624452372,short,2026-07-27,AAPL
2026-07-26 22:00:00+00:00,-1.1445692883895076,short,2026-07-27,AAPL
2026-07-28 23:30:00+00:00,0.06746252896489002,short,2026-07-29,AAPL
2026-07-30 20:30:00+00:00,-1.957239917721132,long,2026-07-31,AAPL
2026-08-02 22:00:00+00:00,0.7727331024752981,short,2026-08-03,AAPL
2026-08-02 23:00:00+00:00,-0.42271700548563995,long,2026-08-03,AAPL
2026-08-04 17:00:00+00:00,0.4477660019972296,short,2026-08-05,AAPL
2026-03-04 16:30:00+00:00,0.25625862408830136,short,2026-03-05,TSLA
2026-03-05 18:15:00+00:00,0.757670475857064,long,2026-03-06,TSLA
2026-03-08 20:00:00+00:00,-0.2448917119461158,long,2026-03-09,TSLA
2026-03-08 20:45:00+00:00,-0.887619241952764,long,2026-03-09,TSLA
2026-03-09 19:15:00+00:00,0.586649358430269,short,2026-03-10,TSLA
2026-03-10 18:00:00+00:00,0.41206030150753303,long,2026-03-11,TSLA
2026-03-15 21:30:00+00:00,-0.14068655036578726,short,2026-03-16,TSLA
2026-03-15 22:00:00+00:00,-0.74546847076844,short,2026-03-16,TSLA
2026-03-15 22:30:00+00:00,-0.6425784736211249,short,2026-03-16,TSLA
2026-03-18 18:45:00+00:00,-0.505791310505288,long,2026-03-19,TSLA
2026-03-18 19:15:00+00:00,-0.3645015946944774,long,2026-03-19,TSLA
2026-03-22 18:30:00+00:00,-0.09186458080031601,long,2026-03-23,TSLA
2026-03-22 20:15:00+00:00,0.08918436841252042,long,2026-03-23,TSLA
2026-03-26 16:15:00+00:00,-0.6465974136103503,long,2026-03-27,TSLA
2026-03-26 17:00:00+00:00,-1.1081654294803789,long,2026-03-27,TSLA
2026-03-29 21:30:00+00:00,0.5233572397751463,short,2026-03-30,TSLA
2026-03-29 22:00:00+00:00,-0.9326856349757162,long,2026-03-30,TSLA
2026-03-29 22:30:00+00:00,-0.6258170389119133,long,2026-03-30,TSLA
2026-03-29 23:00:00+00:00,-0.5790162291568146,long,2026-03-30,TSLA
2026-03-30 17:00:00+00:00,-1.5747373115192809,long,2026-03-31,TSLA
2026-03-30 18:15:00+00:00,-0.17420623770721955,long,2026-03-31,TSLA
2026-03-30 19:00:00+00:00,0.6428045534349058,long,2026-03-31,TSLA
2026-03-31 16:30:00+00:00,-0.4259104509798606,short,2026-04-01,TSLA
2026-03-31 18:15:00+00:00,-0.395714439539141,short,2026-04-01,TSLA
2026-03-31 20:00:00+00:00,-0.10465303493800704,short,2026-04-01,TSLA
2026-04-02 17:30:00+00:00,-0.44156202566579816,long,2026-04-03,TSLA
2026-04-05 22:00:00+00:00,1.0634151773286638,long,2026-04-06,TSLA
2026-04-05 23:00:00+00:00,1.4932441844268007,long,2026-04-06,TSLA
2026-04-06 17:00:00+00:00,1.2333256669733172,long,2026-04-07,TSLA
2026-04-09 16:00:00+00:00,0.19571724614322328,short,2026-04-10,TSLA
2026-04-12 16:00:00+00:00,0.522891006274695,long,2026-04-13,TSLA
2026-04-21 17:15:00+00:00,1.0408575423333843,long,2026-04-22,TSLA
2026-04-22 20:00:00+00:00,4.722564734895185,short,2026-04-23,TSLA
2026-04-26 17:00:00+00:00,-0.09293680297397522,short,2026-04-27,TSLA
2026-04-29 16:15:00+00:00,0.01612469766192337,long,2026-04-30,TSLA
2026-04-30 18:15:00+00:00,0.09692968668133517,short,2026-05-01,TSLA
2026-05-03 16:00:00+00:00,-0.1624489174302468,short,2026-05-04,TSLA
2026-05-03 17:00:00+00:00,-0.07607262399838,short,2026-05-04,TSLA
2026-05-03 20:00:00+00:00,-0.04555347471781879,short,2026-05-04,TSLA
2026-05-03 21:00:00+00:00,0.15678737608739723,short,2026-05-04,TSLA
2026-05-04 16:00:00+00:00,1.2447061254002634,long,2026-05-05,TSLA
2026-05-05 21:45:00+00:00,0.03869270255629775,long,2026-05-06,TSLA
2026-05-06 16:00:00+00:00,-1.3269639065817351,short,2026-05-07,TSLA
2026-05-06 18:00:00+00:00,0.6710070094040788,short,2026-05-07,TSLA
2026-05-06 19:00:00+00:00,0.8498230573692811,short,2026-05-07,TSLA
2026-05-10 20:15:00+00:00,-0.6140268957788519,long,2026-05-11,TSLA
2026-05-12 16:30:00+00:00,1.484505912062506,long,2026-05-13,TSLA
2026-05-17 23:30:00+00:00,-1.201079299887775,long,2026-05-18,TSLA
2026-05-20 16:30:00+00:00,0.12796677692735736,short,2026-05-21,TSLA
2026-05-20 19:30:00+00:00,-0.3324660306446958,short,2026-05-21,TSLA
2026-05-20 21:15:00+00:00,0.42247773590340376,short,2026-05-21,TSLA
2026-05-26 18:30:00+00:00,0.197792088316473,short,2026-05-27,TSLA
2026-05-26 21:00:00+00:00,0.07337261825601793,short,2026-05-27,TSLA
2026-05-26 21:30:00+00:00,0.22646170738402915,short,2026-05-27,TSLA
2026-05-27 23:45:00+00:00,0.14136531533586183,long,2026-05-28,TSLA
2026-06-01 16:00:00+00:00,0.13799666904592556,long,2026-06-02,TSLA
2026-06-01 19:30:00+00:00,-0.34020939648768955,long,2026-06-02,TSLA
2026-06-04 23:45:00+00:00,-0.4198454968571519,long,2026-06-05,TSLA
2026-06-08 16:15:00+00:00,-1.7458514421177407,short,2026-06-09,TSLA
2026-06-10 22:45:00+00:00,0.8644090130452087,long,2026-06-11,TSLA
2026-06-11 17:30:00+00:00,-1.1415525114155223,short,2026-06-12,TSLA
2026-06-11 19:30:00+00:00,0.15550539252571216,short,2026-06-12,TSLA
2026-06-14 21:30:00+00:00,-0.5161195636221416,short,2026-06-15,TSLA
2026-06-14 22:30:00+00:00,0.4335752910800461,short,2026-06-15,TSLA
2026-06-16 23:45:00+00:00,0.21592911568339979,long,2026-06-17,TSLA
2026-06-17 19:30:00+00:00,0.6950257463917087,long,2026-06-18,TSLA
2026-06-21 23:30:00+00:00,-1.0721783464960555,long,2026-06-22,TSLA
2026-06-23 16:15:00+00:00,-0.5829082960341347,long,2026-06-24,TSLA
2026-06-23 17:45:00+00:00,0.04189797842255594,long,2026-06-24,TSLA
2026-06-23 18:30:00+00:00,0.5019710906701835,long,2026-06-24,TSLA
2026-06-24 16:30:00+00:00,-0.7359924026590581,long,2026-06-25,TSLA
2026-06-24 18:45:00+00:00,0.9874566319722389,long,2026-06-25,TSLA
2026-06-28 20:00:00+00:00,0.02095886822111037,short,2026-06-29,TSLA
2026-06-28 21:15:00+00:00,0.2799508123806249,short,2026-06-29,TSLA
2026-06-29 17:00:00+00:00,-1.33038239272103,short,2026-06-30,TSLA
2026-07-08 18:30:00+00:00,0.500728099532477,long,2026-07-09,TSLA
2026-07-09 16:30:00+00:00,-1.5049958886701686,short,2026-07-10,TSLA
2026-07-09 18:15:00+00:00,0.2818558368667401,short,2026-07-10,TSLA
2026-07-12 17:45:00+00:00,0.07357990777983048,long,2026-07-13,TSLA
2026-07-12 21:00:00+00:00,-0.37796976241901703,long,2026-07-13,TSLA
2026-07-15 16:00:00+00:00,1.2993617616395836,long,2026-07-16,TSLA
2026-07-19 22:30:00+00:00,0.15395454426846422,short,2026-07-20,TSLA
2026-07-22 20:00:00+00:00,-1.5401901943051355,long,2026-07-23,TSLA
2026-07-29 19:30:00+00:00,-1.3803269900830917,long,2026-07-30,TSLA
2026-07-29 20:00:00+00:00,-0.1242861941551876,long,2026-07-30,TSLA
2026-07-30 19:00:00+00:00,0.10002904068923124,short,2026-07-31,TSLA
2026-07-30 22:30:00+00:00,-0.3996647972668077,short,2026-07-31,TSLA
2026-08-02 16:30:00+00:00,-0.15973930545349901,short,2026-08-03,TSLA
2026-08-02 19:30:00+00:00,-0.1306356539748199,short,2026-08-03,TSLA
2026-08-02 22:00:00+00:00,0.30515909596616764,short,2026-08-03,TSLA
2026-08-02 23:45:00+00:00,0.16812587235123244,short,2026-08-03,TSLA
2026-08-04 17:15:00+00:00,-0.21989432855875624,short,2026-08-05,TSLA
2026-08-04 19:00:00+00:00,1.0923324331704842,short,2026-08-05,TSLA
2026-08-05 18:30:00+00:00,0.13700762883388506,long,2026-08-06,TSLA
2026-03-18 18:00:00+00:00,1.8340482177192752,short,2026-03-19,AMD
2026-03-19 19:00:00+00:00,0.3888213851761857,short,2026-03-20,AMD
2026-03-24 18:30:00+00:00,-0.19928064547487523,short,2026-03-25,AMD
2026-03-25 17:30:00+00:00,0.4394110985277422,short,2026-03-26,AMD
2026-03-26 16:15:00+00:00,-0.2517550229968579,long,2026-03-27,AMD
2026-03-26 17:00:00+00:00,-0.9836224440352703,long,2026-03-27,AMD
2026-03-29 23:30:00+00:00,0.25152170632325443,long,2026-03-30,AMD
2026-03-31 16:30:00+00:00,-0.5704365079365115,short,2026-04-01,AMD
2026-03-31 18:45:00+00:00,0.11303322193826348,short,2026-04-01,AMD
2026-04-05 21:45:00+00:00,0.5540677809585448,short,2026-04-06,AMD
2026-04-07 19:45:00+00:00,-0.36620100366200337,short,2026-04-08,AMD
2026-04-07 22:00:00+00:00,-3.115223026727443,short,2026-04-08,AMD
2026-04-12 16:45:00+00:00,0.399176435984705,long,2026-04-13,AMD
2026-04-12 17:15:00+00:00,0.23135489841417112,long,2026-04-13,AMD
2026-04-13 18:45:00+00:00,0.06887610404342492,short,2026-04-14,AMD
2026-04-13 19:45:00+00:00,-0.07698541329010933,short,2026-04-14,AMD
2026-04-13 20:15:00+00:00,-0.040512072597631565,short,2026-04-14,AMD
2026-04-13 21:00:00+00:00,-0.12963863231243433,short,2026-04-14,AMD
2026-04-14 18:45:00+00:00,-0.035388486945575615,short,2026-04-15,AMD
2026-04-14 19:45:00+00:00,0.5018820577164407,short,2026-04-15,AMD
2026-04-21 17:00:00+00:00,-0.621820237422277,short,2026-04-22,AMD
2026-04-21 17:30:00+00:00,0.26144714527982504,short,2026-04-22,AMD
2026-04-21 18:00:00+00:00,-0.7157894736842252,short,2026-04-22,AMD
2026-04-21 20:00:00+00:00,0.2543199554069231,short,2026-04-22,AMD
2026-04-21 23:45:00+00:00,-0.5870705526800357,short,2026-04-22,AMD
2026-04-22 16:45:00+00:00,-1.3610003016995664,short,2026-04-23,AMD
2026-04-22 18:45:00+00:00,-0.36709991070542625,short,2026-04-23,AMD
2026-04-22 19:30:00+00:00,0.2932551319648091,short,2026-04-23,AMD
2026-04-23 20:00:00+00:00,-3.908096693876262,short,2026-04-24,AMD
2026-04-26 17:00:00+00:00,-0.15390754146951124,short,2026-04-27,AMD
2026-04-26 17:30:00+00:00,-0.3363835913224422,short,2026-04-27,AMD
2026-04-26 19:00:00+00:00,-0.4496300512236928,short,2026-04-27,AMD
2026-04-26 20:30:00+00:00,0.7962595636157532,short,2026-04-27,AMD
2026-04-29 19:15:00+00:00,1.909518213866035,short,2026-04-30,AMD
2026-04-29 22:00:00+00:00,-2.3157647886498323,short,2026-04-30,AMD
2026-04-30 16:00:00+00:00,-1.2668725692061233,short,2026-05-01,AMD
2026-05-03 17:15:00+00:00,0.024538539138962978,short,2026-05-04,AMD
2026-05-03 18:45:00+00:00,-0.2996132265620899,short,2026-05-04,AMD
2026-05-03 19:45:00+00:00,-0.7736943907156846,short,2026-05-04,AMD
2026-05-05 16:45:00+00:00,-0.08974143249762534,short,2026-05-06,AMD
2026-05-05 20:15:00+00:00,-7.870248672519842,short,2026-05-06,AMD
2026-05-05 23:30:00+00:00,-0.8749268863326165,short,2026-05-06,AMD
2026-05-07 17:00:00+00:00,0.7400623731498523,long,2026-05-08,AMD
2026-05-10 16:00:00+00:00,0.2464479351949045,short,2026-05-11,AMD
2026-05-10 20:45:00+00:00,-0.015215406686086563,long,2026-05-11,AMD
2026-05-12 16:15:00+00:00,1.5748758803833196,long,2026-05-13,AMD
2026-05-17 16:00:00+00:00,0.17285061444840544,short,2026-05-18,AMD
2026-05-17 23:15:00+00:00,-1.2137366429472385,long,2026-05-18,AMD
2026-05-21 23:30:00+00:00,0.0641252432336814,short,2026-05-22,AMD
2026-05-24 22:15:00+00:00,0.8858935232282095,long,2026-05-25,AMD
2026-05-25 17:00:00+00:00,0.2143154390345514,short,2026-05-26,AMD
2026-05-26 16:00:00+00:00,-0.8390957984552694,short,2026-05-27,AMD
2026-05-26 16:45:00+00:00,-0.4021798145951161,short,2026-05-27,AMD
2026-05-26 18:00:00+00:00,-1.2411525274196533,short,2026-05-27,AMD
2026-05-26 23:30:00+00:00,0.05882583630730798,short,2026-05-27,AMD
2026-05-31 20:00:00+00:00,0.18928419670105612,long,2026-06-01,AMD
2026-05-31 21:45:00+00:00,-0.1177742595667497,long,2026-06-01,AMD
2026-05-31 22:15:00+00:00,-1.5148298952162298,long,2026-06-01,AMD
2026-05-31 22:45:00+00:00,-1.471412827007501,long,2026-06-01,AMD
2026-06-02 19:45:00+00:00,0.5224880382775132,short,2026-06-03,AMD
2026-06-08 16:30:00+00:00,-0.008138186405171055,short,2026-06-09,AMD
2026-06-10 22:15:00+00:00,0.5695247957139271,long,2026-06-11,AMD
2026-06-11 17:30:00+00:00,-2.3646390374331583,short,2026-06-12,AMD
2026-06-11 18:30:00+00:00,-1.43979330319004,short,2026-06-12,AMD
2026-06-14 21:30:00+00:00,0.5759292102904379,short,2026-06-15,AMD
2026-06-16 19:45:00+00:00,0.6686332350049229,long,2026-06-17,AMD
2026-06-17 18:30:00+00:00,2.743890995082765,short,2026-06-18,AMD
2026-06-21 20:30:00+00:00,-0.6764269829503289,long,2026-06-22,AMD
2026-06-21 21:00:00+00:00,-0.7991525266229482,long,2026-06-22,AMD
2026-06-21 22:00:00+00:00,-1.3737697584252917,long,2026-06-22,AMD
2026-06-24 17:15:00+00:00,0.4216595736335149,long,2026-06-25,AMD
2026-06-24 18:45:00+00:00,6.364765980947107,long,2026-06-25,AMD
2026-06-24 20:15:00+00:00,0.14060274175345944,short,2026-06-25,AMD
2026-06-28 16:45:00+00:00,0.19292850184332577,short,2026-06-29,AMD
2026-06-28 17:15:00+00:00,0.028703189881162938,short,2026-06-29,AMD
2026-06-28 20:15:00+00:00,-0.3834341199137725,short,2026-06-29,AMD
2026-06-28 22:15:00+00:00,1.092698871194553,short,2026-06-29,AMD
2026-07-01 19:45:00+00:00,0.5887020872164861,long,2026-07-02,AMD
2026-07-05 22:45:00+00:00,1.0246623061387239,short,2026-07-06,AMD
2026-07-12 22:00:00+00:00,1.1866293264397587,long,2026-07-13,AMD
2026-07-13 23:30:00+00:00,1.4125091813096846,long,2026-07-14,AMD
2026-07-15 16:00:00+00:00,3.503643945594148,long,2026-07-16,AMD
2026-07-16 16:00:00+00:00,-1.2556053811659251,long,2026-07-17,AMD
2026-07-19 16:30:00+00:00,0.7313475642233724,long,2026-07-20,AMD
2026-07-19 18:30:00+00:00,-0.5104634845742417,short,2026-07-20,AMD
2026-07-19 22:45:00+00:00,-0.742435187414725,short,2026-07-20,AMD
2026-07-21 16:15:00+00:00,-0.7518936581019098,short,2026-07-22,AMD
2026-07-21 18:30:00+00:00,0.14288592939969424,short,2026-07-22,AMD
2026-07-23 16:45:00+00:00,0.9673587147140505,long,2026-07-24,AMD
2026-07-26 23:00:00+00:00,1.8982438016529102,short,2026-07-27,AMD
2026-07-26 23:45:00+00:00,1.5942349515279064,short,2026-07-27,AMD
2026-07-28 22:45:00+00:00,3.177486265276386,long,2026-07-29,AMD
2026-08-02 17:00:00+00:00,-0.06962647444299641,short,2026-08-03,AMD
2026-08-02 19:00:00+00:00,-0.014324888470507169,short,2026-08-03,AMD
2026-08-02 21:30:00+00:00,-0.0203409137138566,short,2026-08-03,AMD
2026-08-02 23:30:00+00:00,1.0453103392174534,short,2026-08-03,AMD
2026-08-03 22:15:00+00:00,0.6792345392796939,short,2026-08-04,AMD
2026-08-04 19:30:00+00:00,9.827651515151514,short,2026-08-05,AMD
2026-08-04 20:15:00+00:00,-2.0854820743429925,long,2026-08-05,AMD
2026-03-08 22:30:00+00:00,-1.1574311174843754,long,2026-03-09,GOOGL
2026-03-09 17:45:00+00:00,-1.6005567153792866,short,2026-03-10,GOOGL
2026-03-09 18:45:00+00:00,-1.2692117005453474,short,2026-03-10,GOOGL
2026-03-15 20:30:00+00:00,0.12857708031122073,short,2026-03-16,GOOGL
2026-03-17 16:00:00+00:00,-0.18446601941748408,short,2026-03-18,GOOGL
2026-03-17 18:00:00+00:00,-0.600833414090518,short,2026-03-18,GOOGL
2026-03-18 19:30:00+00:00,0.23746015223471417,long,2026-03-19,GOOGL
2026-03-18 21:00:00+00:00,-0.21122412504469557,long,2026-03-19,GOOGL
2026-03-18 22:15:00+00:00,0.03903454557283581,long,2026-03-19,GOOGL
2026-03-22 16:15:00+00:00,0.1059602649006619,long,2026-03-23,GOOGL
2026-03-22 21:00:00+00:00,0.0,long,2026-03-23,GOOGL
2026-03-22 23:30:00+00:00,-0.6741722294178354,long,2026-03-23,GOOGL
2026-03-24 19:45:00+00:00,1.0582737768004336,long,2026-03-25,GOOGL
2026-03-29 16:30:00+00:00,0.03278449657583282,short,2026-03-30,GOOGL
2026-03-29 17:00:00+00:00,0.14927003313067733,short,2026-03-30,GOOGL
2026-03-30 23:30:00+00:00,1.6806105973873553,long,2026-03-31,GOOGL
2026-03-31 16:00:00+00:00,-1.8658169587537854,short,2026-04-01,GOOGL
2026-03-31 20:00:00+00:00,-0.05900728913570408,short,2026-04-01,GOOGL
2026-04-05 22:00:00+00:00,0.4399877212728942,long,2026-04-06,GOOGL
2026-04-06 18:15:00+00:00,0.09326493904471267,short,2026-04-07,GOOGL
2026-04-07 19:45:00+00:00,-0.8080609807962658,short,2026-04-08,GOOGL
2026-04-07 22:00:00+00:00,-1.5364751452549896,short,2026-04-08,GOOGL
2026-04-13 19:45:00+00:00,0.03731343283581712,short,2026-04-14,GOOGL
2026-04-15 16:15:00+00:00,-0.07155635062612298,short,2026-04-16,GOOGL
2026-04-15 17:15:00+00:00,-0.19373491103098495,short,2026-04-16,GOOGL
2026-04-15 17:45:00+00:00,-0.5002977963073363,short,2026-04-16,GOOGL
2026-04-15 18:30:00+00:00,-0.08018293588334391,short,2026-04-16,GOOGL
2026-04-15 19:45:00+00:00,0.1540832049306773,short,2026-04-16,GOOGL
2026-04-15 22:00:00+00:00,-0.2074996294649356,short,2026-04-16,GOOGL
2026-04-21 17:45:00+00:00,-0.23116875318982544,long,2026-04-22,GOOGL
2026-04-26 18:15:00+00:00,-0.05806357961968267,short,2026-04-27,GOOGL
2026-04-26 19:00:00+00:00,-0.17694494401578886,short,2026-04-27,GOOGL
2026-04-26 20:30:00+00:00,0.29535254090055085,short,2026-04-27,GOOGL
2026-04-27 16:30:00+00:00,-0.036852250822083654,short,2026-04-28,GOOGL
2026-04-29 20:00:00+00:00,-4.447118748425738,short,2026-04-30,GOOGL
2026-04-30 17:00:00+00:00,0.22121014964217034,short,2026-05-01,GOOGL
2026-05-03 16:45:00+00:00,-0.1547388781431458,short,2026-05-04,GOOGL
2026-05-03 21:30:00+00:00,0.3209242618742003,short,2026-05-04,GOOGL
2026-05-05 20:15:00+00:00,1.121420130245654,short,2026-05-06,GOOGL
2026-05-05 21:00:00+00:00,0.07583417593529651,short,2026-05-06,GOOGL
2026-05-06 16:00:00+00:00,0.7645603777827747,short,2026-05-07,GOOGL
2026-05-10 18:00:00+00:00,0.09437711106695668,short,2026-05-11,GOOGL
2026-05-10 20:30:00+00:00,-0.3957980683062856,long,2026-05-11,GOOGL
2026-05-11 18:15:00+00:00,-0.8726181087338136,long,2026-05-12,GOOGL
2026-05-25 19:30:00+00:00,0.10252204223909489,short,2026-05-26,GOOGL
2026-05-31 22:00:00+00:00,0.34933131729188993,short,2026-06-01,GOOGL
2026-06-01 16:00:00+00:00,0.2607353801947321,long,2026-06-02,GOOGL
2026-06-01 20:45:00+00:00,-0.5890105161238224,long,2026-06-02,GOOGL
2026-06-01 22:00:00+00:00,1.0425693240901257,long,2026-06-02,GOOGL
2026-06-07 19:45:00+00:00,0.3455842018650568,long,2026-06-08,GOOGL
2026-06-10 23:00:00+00:00,1.0838578565581791,long,2026-06-11,GOOGL
2026-06-14 21:15:00+00:00,-0.4081856285784724,short,2026-06-15,GOOGL
2026-06-17 16:00:00+00:00,0.46311520333224276,long,2026-06-18,GOOGL
2026-06-21 22:00:00+00:00,0.0660283922086613,long,2026-06-22,GOOGL
2026-06-21 23:15:00+00:00,-0.044033465433734875,long,2026-06-22,GOOGL
2026-06-24 18:15:00+00:00,0.034721217557365236,long,2026-06-25,GOOGL
2026-06-25 23:15:00+00:00,0.8901991387034291,short,2026-06-26,GOOGL
2026-06-28 16:45:00+00:00,-0.03219009715555998,short,2026-06-29,GOOGL
2026-06-28 23:00:00+00:00,0.9059923675240888,short,2026-06-29,GOOGL
2026-07-05 17:00:00+00:00,0.0498214730548896,short,2026-07-06,GOOGL
2026-07-06 16:00:00+00:00,0.021917808219173995,short,2026-07-07,GOOGL
2026-07-06 18:45:00+00:00,0.07633587786259888,short,2026-07-07,GOOGL
2026-07-08 17:45:00+00:00,0.7787295583491005,long,2026-07-09,GOOGL
2026-07-12 22:00:00+00:00,0.2018220042046437,long,2026-07-13,GOOGL
2026-07-12 23:15:00+00:00,-0.016836434043265847,long,2026-07-13,GOOGL
2026-07-13 19:15:00+00:00,-0.4428023465703923,long,2026-07-14,GOOGL
2026-07-16 18:00:00+00:00,-2.3418625082363365,long,2026-07-17,GOOGL
2026-07-19 16:15:00+00:00,0.2153007033156351,short,2026-07-20,GOOGL
2026-07-19 22:30:00+00:00,0.4406168636090446,short,2026-07-20,GOOGL
2026-07-19 23:30:00+00:00,0.07155123068116609,short,2026-07-20,GOOGL
2026-07-22 18:00:00+00:00,0.9330453563714869,long,2026-07-23,GOOGL
2026-07-22 20:15:00+00:00,-3.2313569949546483,long,2026-07-23,GOOGL
2026-07-26 16:15:00+00:00,0.05267887577080632,short,2026-07-27,GOOGL
2026-07-26 17:15:00+00:00,0.39332280343150616,short,2026-07-27,GOOGL
2026-07-26 23:45:00+00:00,0.6958342313495014,short,2026-07-27,GOOGL
2026-07-29 18:15:00+00:00,2.1259102654451523,short,2026-07-30,GOOGL
2026-08-02 22:00:00+00:00,-0.7837648705388389,short,2026-08-03,GOOGL
2026-08-06 18:00:00+00:00,0.38005812653700843,long,2026-08-07,GOOGL
2026-08-06 18:30:00+00:00,0.24314580363880012,long,2026-08-07,GOOGL
2026-08-06 19:15:00+00:00,0.36343304445065616,long,2026-08-07,GOOGL
2026-03-09 16:30:00+00:00,0.6198853334639987,short,2026-03-10,MSFT
2026-03-09 19:45:00+00:00,0.1536472941004341,short,2026-03-10,MSFT
2026-03-11 16:00:00+00:00,0.305567286910291,long,2026-03-12,MSFT
2026-03-16 18:30:00+00:00,0.059866796378060805,short,2026-03-17,MSFT
2026-03-18 18:45:00+00:00,-0.18598252273828164,long,2026-03-19,MSFT
2026-03-19 17:00:00+00:00,0.3838128847788669,long,2026-03-20,MSFT
2026-03-19 18:30:00+00:00,0.505428195672919,long,2026-03-20,MSFT
2026-03-22 21:30:00+00:00,0.2296091426185809,long,2026-03-23,MSFT
2026-03-29 23:30:00+00:00,0.1175186770754788,long,2026-03-30,MSFT
2026-03-31 16:45:00+00:00,-0.7707756608587246,short,2026-04-01,MSFT
2026-03-31 18:00:00+00:00,-0.3974799232079773,short,2026-04-01,MSFT
2026-03-31 23:45:00+00:00,0.29674383788697023,short,2026-04-01,MSFT
2026-04-02 16:30:00+00:00,-0.06454215409437136,short,2026-04-03,MSFT
2026-04-02 20:00:00+00:00,0.1681883709754861,short,2026-04-03,MSFT
2026-04-05 19:30:00+00:00,0.1044344473007719,short,2026-04-06,MSFT
2026-04-07 22:45:00+00:00,-0.32727653558151104,short,2026-04-08,MSFT
2026-04-08 18:30:00+00:00,0.1337112905813731,long,2026-04-09,MSFT
2026-04-12 16:00:00+00:00,0.18718971270448304,long,2026-04-13,MSFT
2026-04-12 20:15:00+00:00,0.27710614251950094,long,2026-04-13,MSFT
2026-04-12 21:00:00+00:00,0.28526407302760237,long,2026-04-13,MSFT
2026-04-12 21:30:00+00:00,0.16032608695650818,long,2026-04-13,MSFT
2026-04-13 16:15:00+00:00,0.02089973352839003,short,2026-04-14,MSFT
2026-04-13 19:45:00+00:00,-0.09844304551696048,short,2026-04-14,MSFT
2026-04-13 21:00:00+00:00,-0.4921387313181702,short,2026-04-14,MSFT
2026-04-13 22:15:00+00:00,0.1004999226923653,short,2026-04-14,MSFT
2026-04-15 16:00:00+00:00,-0.6989941303977121,short,2026-04-16,MSFT
2026-04-15 18:30:00+00:00,0.5090593259186038,short,2026-04-16,MSFT
2026-04-22 20:00:00+00:00,0.5399821571113295,long,2026-04-23,MSFT
2026-04-23 17:00:00+00:00,0.07454611037633896,long,2026-04-24,MSFT
2026-04-26 17:00:00+00:00,-0.11992945326277926,short,2026-04-27,MSFT
2026-04-26 20:30:00+00:00,0.3965460603500892,short,2026-04-27,MSFT
2026-04-29 20:00:00+00:00,5.60722633424231,long,2026-04-30,MSFT
2026-04-29 20:30:00+00:00,2.7833862128641362,long,2026-04-30,MSFT
2026-04-29 21:30:00+00:00,2.649086730373762,long,2026-04-30,MSFT
2026-04-29 22:00:00+00:00,1.8167146974063408,short,2026-04-30,MSFT
2026-05-03 21:00:00+00:00,-0.00480215136380302,short,2026-05-04,MSFT
2026-05-10 20:15:00+00:00,-0.3848559195651191,long,2026-05-11,MSFT
2026-05-17 20:30:00+00:00,0.11868027533823433,short,2026-05-18,MSFT
2026-05-17 23:15:00+00:00,-0.21676472690026483,long,2026-05-18,MSFT
2026-05-18 17:30:00+00:00,0.44726930320151403,short,2026-05-19,MSFT
2026-05-24 21:45:00+00:00,0.11871408898807001,long,2026-05-25,MSFT
2026-05-24 23:15:00+00:00,0.27575714353633707,long,2026-05-25,MSFT
2026-05-25 19:30:00+00:00,0.07082654578935976,short,2026-05-26,MSFT
2026-05-25 23:15:00+00:00,-0.4738213693437521,long,2026-05-26,MSFT
2026-05-26 16:00:00+00:00,0.012038040207040801,long,2026-05-27,MSFT
2026-05-26 17:00:00+00:00,0.25331724969843705,long,2026-05-27,MSFT
2026-05-31 23:30:00+00:00,-0.0325683392318199,long,2026-06-01,MSFT
2026-06-01 20:45:00+00:00,-0.8071748878923812,long,2026-06-02,MSFT
2026-06-02 18:00:00+00:00,-0.10835214446952568,long,2026-06-03,MSFT
2026-06-02 23:00:00+00:00,-0.5524108299802211,long,2026-06-03,MSFT
2026-06-14 21:30:00+00:00,-0.36545440702486776,short,2026-06-15,MSFT
2026-06-14 23:45:00+00:00,0.02014758103104919,short,2026-06-15,MSFT
2026-06-15 16:15:00+00:00,0.6688880047742152,short,2026-06-16,MSFT
2026-06-16 16:15:00+00:00,0.07899497999643845,long,2026-06-17,MSFT
2026-06-16 17:15:00+00:00,0.37735849056603765,long,2026-06-17,MSFT
2026-06-17 18:00:00+00:00,-1.0262020107308478,long,2026-06-18,MSFT
2026-06-21 22:00:00+00:00,-0.44706253615947045,long,2026-06-22,MSFT
2026-06-21 22:45:00+00:00,-0.46275602766018276,long,2026-06-22,MSFT
2026-06-22 16:00:00+00:00,0.09988931184361505,long,2026-06-23,MSFT
2026-06-24 19:45:00+00:00,0.29738357023982864,long,2026-06-25,MSFT
2026-06-25 16:00:00+00:00,-0.49744212995674886,long,2026-06-26,MSFT
2026-06-25 17:30:00+00:00,0.7838107453327581,long,2026-06-26,MSFT
2026-06-28 22:15:00+00:00,0.40208766043563493,long,2026-06-29,MSFT
2026-06-28 22:45:00+00:00,2.1134831161216505,long,2026-06-29,MSFT
2026-06-28 23:30:00+00:00,-1.100387124144886,short,2026-06-29,MSFT
2026-06-30 21:00:00+00:00,-0.23720050105275892,short,2026-07-01,MSFT
2026-07-01 17:00:00+00:00,-0.030967741935494786,short,2026-07-02,MSFT
2026-07-01 17:45:00+00:00,0.8396651641983222,short,2026-07-02,MSFT
2026-07-05 18:30:00+00:00,0.1170513244611926,short,2026-07-06,MSFT
2026-07-05 21:00:00+00:00,-0.11195359014808393,short,2026-07-06,MSFT
2026-07-05 22:15:00+00:00,0.246449350847322,short,2026-07-06,MSFT
2026-07-12 22:15:00+00:00,0.8257120459890244,long,2026-07-13,MSFT
2026-07-12 23:00:00+00:00,0.5907570054370481,long,2026-07-13,MSFT
2026-07-13 16:15:00+00:00,-0.03564517771665887,short,2026-07-14,MSFT
2026-07-20 16:15:00+00:00,-0.12439358129121558,short,2026-07-21,MSFT
2026-07-26 22:30:00+00:00,0.06748864373783414,short,2026-07-27,MSFT
2026-07-27 17:45:00+00:00,1.1036967498033734,short,2026-07-28,MSFT
2026-07-27 18:30:00+00:00,1.053192569282313,short,2026-07-28,MSFT
2026-07-28 16:15:00+00:00,0.1455019818373371,short,2026-07-29,MSFT
2026-07-28 17:45:00+00:00,1.363693231577623,short,2026-07-29,MSFT
2026-07-29 20:30:00+00:00,-5.168266250030995,short,2026-07-30,MSFT
2026-07-29 22:00:00+00:00,0.36612731782214025,short,2026-07-30,MSFT
2026-07-30 16:00:00+00:00,-0.5198280400070088,short,2026-07-31,MSFT
2026-08-02 21:00:00+00:00,0.26264800861142135,short,2026-08-03,MSFT
2026-08-05 21:30:00+00:00,0.004118446521972352,long,2026-08-06,MSFT
2026-03-08 22:00:00+00:00,-1.3176604417480364,long,2026-03-09,AMZN
2026-03-09 19:15:00+00:00,-0.4283965728274275,short,2026-03-10,AMZN
2026-03-11 23:30:00+00:00,0.4561653599429727,long,2026-03-12,AMZN
2026-03-15 21:45:00+00:00,-0.28910089621276835,short,2026-03-16,AMZN
2026-03-15 22:30:00+00:00,-0.3370245546461259,short,2026-03-16,AMZN
2026-03-16 18:00:00+00:00,-0.47476617765749296,short,2026-03-17,AMZN
2026-03-17 19:00:00+00:00,0.060392083991445134,short,2026-03-18,AMZN
2026-03-18 16:30:00+00:00,0.0236966824644691,long,2026-03-19,AMZN
2026-03-18 17:00:00+00:00,-0.3510436432637598,long,2026-03-19,AMZN
2026-03-18 18:45:00+00:00,-0.138266425097755,long,2026-03-19,AMZN
2026-03-22 18:30:00+00:00,-0.03393445801822548,long,2026-03-23,AMZN
2026-03-22 20:30:00+00:00,-0.07759080548954689,long,2026-03-23,AMZN
2026-03-22 21:30:00+00:00,0.12137689954847541,long,2026-03-23,AMZN
2026-03-25 16:30:00+00:00,0.2261803788521255,short,2026-03-26,AMZN
2026-03-25 17:15:00+00:00,0.4985654484737312,short,2026-03-26,AMZN
2026-03-29 22:00:00+00:00,-0.06060299984849138,long,2026-03-30,AMZN
2026-03-29 23:15:00+00:00,0.24279210925646222,long,2026-03-30,AMZN
2026-03-29 23:45:00+00:00,0.6330075454499484,long,2026-03-30,AMZN
2026-03-31 16:30:00+00:00,-0.13905538240230886,short,2026-04-01,AMZN
2026-03-31 18:00:00+00:00,0.18679950186800687,short,2026-04-01,AMZN
2026-03-31 18:45:00+00:00,0.32042085126733344,short,2026-04-01,AMZN
2026-04-07 22:00:00+00:00,-1.9462593171988507,short,2026-04-08,AMZN
2026-04-07 22:30:00+00:00,-0.9303174024078764,short,2026-04-08,AMZN
2026-04-09 19:00:00+00:00,-0.3525365434221772,short,2026-04-10,AMZN
2026-04-09 19:30:00+00:00,-0.1372330388541121,short,2026-04-10,AMZN
2026-04-12 17:00:00+00:00,0.004251700680280024,long,2026-04-13,AMZN
2026-04-12 19:15:00+00:00,-0.22552231819922275,long,2026-04-13,AMZN
2026-04-12 21:00:00+00:00,0.31102211239402155,long,2026-04-13,AMZN
2026-04-13 16:15:00+00:00,0.03347420394159695,short,2026-04-14,AMZN
2026-04-13 18:00:00+00:00,-0.40567103006983185,short,2026-04-14,AMZN
2026-04-13 19:45:00+00:00,0.04585817317713792,short,2026-04-14,AMZN
2026-04-20 20:30:00+00:00,-0.0942581101248896,short,2026-04-21,AMZN
2026-04-21 16:15:00+00:00,-0.3253839133367742,long,2026-04-22,AMZN
2026-04-21 18:15:00+00:00,0.2149767108563294,long,2026-04-22,AMZN
2026-04-21 19:30:00+00:00,0.8185210448180547,long,2026-04-22,AMZN
2026-04-22 18:00:00+00:00,0.023562676720068065,short,2026-04-23,AMZN
2026-04-22 18:30:00+00:00,-0.21214740315864677,short,2026-04-23,AMZN
2026-04-22 19:30:00+00:00,0.0705522674714909,short,2026-04-23,AMZN
2026-04-26 16:15:00+00:00,-0.13230513343915895,short,2026-04-27,AMZN
2026-04-26 18:15:00+00:00,-0.1736569896938489,short,2026-04-27,AMZN
2026-04-26 21:30:00+00:00,0.3953462103241656,short,2026-04-27,AMZN
2026-04-29 20:00:00+00:00,8.485039122400039,long,2026-04-30,AMZN
2026-04-29 20:45:00+00:00,7.0289427052569575,long,2026-04-30,AMZN
2026-04-29 22:00:00+00:00,1.772317059910855,short,2026-04-30,AMZN
2026-05-03 16:45:00+00:00,-0.05204460966541369,short,2026-05-04,AMZN
2026-05-03 19:30:00+00:00,-0.1447607735421741,short,2026-05-04,AMZN
2026-05-07 17:15:00+00:00,0.16188373804266742,long,2026-05-08,AMZN
2026-05-07 20:45:00+00:00,-0.22852930335421906,long,2026-05-08,AMZN
2026-05-10 20:45:00+00:00,0.09514747859180606,long,2026-05-11,AMZN
2026-05-12 16:15:00+00:00,0.4098360655737876,long,2026-05-13,AMZN
2026-05-13 16:15:00+00:00,-0.26672593909757847,short,2026-05-14,AMZN
2026-05-14 23:45:00+00:00,-0.27353117505996005,long,2026-05-15,AMZN
2026-05-17 16:15:00+00:00,0.030411313008438245,short,2026-05-18,AMZN
2026-05-17 20:00:00+00:00,-0.08353584447142737,short,2026-05-18,AMZN
2026-05-17 21:15:00+00:00,0.30740037950663934,short,2026-05-18,AMZN
2026-05-17 23:30:00+00:00,-0.31643156690811525,long,2026-05-18,AMZN
2026-05-21 17:30:00+00:00,0.14838996883810296,short,2026-05-22,AMZN
2026-05-25 19:30:00+00:00,0.09226454089164005,short,2026-05-26,AMZN
2026-05-25 22:45:00+00:00,-0.4516845612736131,long,2026-05-26,AMZN
2026-05-26 16:45:00+00:00,-0.04552352048559083,long,2026-05-27,AMZN
2026-06-01 16:00:00+00:00,-0.269767088415207,long,2026-06-02,AMZN
2026-06-01 20:45:00+00:00,-0.3420577270456193,long,2026-06-02,AMZN
2026-06-10 16:00:00+00:00,-0.08349684799398016,long,2026-06-11,AMZN
2026-06-10 19:15:00+00:00,-0.09663459518507445,long,2026-06-11,AMZN
2026-06-10 20:30:00+00:00,-0.34490010515246805,long,2026-06-11,AMZN
2026-06-10 21:15:00+00:00,-0.4668180671208777,long,2026-06-11,AMZN
2026-06-10 23:45:00+00:00,0.8623240478505378,long,2026-06-11,AMZN
2026-06-14 21:15:00+00:00,0.1661474558670828,short,2026-06-15,AMZN
2026-06-16 16:45:00+00:00,0.10960461151254819,long,2026-06-17,AMZN
2026-06-17 19:15:00+00:00,0.28601472134595074,long,2026-06-18,AMZN
2026-06-21 22:00:00+00:00,0.20225368390638376,long,2026-06-22,AMZN
2026-06-21 23:30:00+00:00,0.1613236814891339,long,2026-06-22,AMZN
2026-06-28 20:30:00+00:00,0.1540106951871678,short,2026-06-29,AMZN
2026-06-28 23:00:00+00:00,-0.11112535795188005,short,2026-06-29,AMZN
2026-07-01 17:00:00+00:00,0.3315867037825493,short,2026-07-02,AMZN
2026-07-05 22:00:00+00:00,-0.06137730676376574,long,2026-07-06,AMZN
2026-07-05 22:30:00+00:00,0.2894651011089433,short,2026-07-06,AMZN
2026-07-12 22:00:00+00:00,0.2618657937806912,long,2026-07-13,AMZN
2026-07-16 18:15:00+00:00,-1.1338495575221264,long,2026-07-17,AMZN
2026-07-16 19:00:00+00:00,-0.9264024704065843,long,2026-07-17,AMZN
2026-07-19 16:00:00+00:00,0.12539438556751215,long,2026-07-20,AMZN
2026-07-22 21:30:00+00:00,0.7194244604316502,long,2026-07-23,AMZN
2026-07-26 16:30:00+00:00,-0.01710278775439722,short,2026-07-27,AMZN
2026-07-26 23:45:00+00:00,-0.059655701380600945,short,2026-07-27,AMZN
2026-07-28 23:45:00+00:00,0.2924605393316293,short,2026-07-29,AMZN
2026-07-30 19:15:00+00:00,-6.460756116877153,short,2026-07-31,AMZN
2026-07-30 20:00:00+00:00,-2.3503343489099215,short,2026-07-31,AMZN
2026-08-02 21:15:00+00:00,-0.31414377556984174,short,2026-08-03,AMZN
2026-08-02 23:30:00+00:00,-0.14538053354657965,short,2026-08-03,AMZN
2026-03-08 16:15:00+00:00,0.0696378830083555,long,2026-03-09,INTC
2026-03-08 22:00:00+00:00,-1.9419747309312285,long,2026-03-09,INTC
2026-03-09 18:30:00+00:00,-1.8369175627240164,short,2026-03-10,INTC
2026-03-09 19:15:00+00:00,0.3951701427003296,short,2026-03-10,INTC
2026-03-15 17:45:00+00:00,0.021800741225197484,short,2026-03-16,INTC
2026-03-15 21:30:00+00:00,-0.21772262138035625,short,2026-03-16,INTC
2026-03-15 22:30:00+00:00,-0.9140369967355788,short,2026-03-16,INTC
2026-03-19 21:15:00+00:00,0.4096593359206646,short,2026-03-20,INTC
2026-03-22 17:45:00+00:00,-0.06832156684125623,long,2026-03-23,INTC
2026-03-22 18:30:00+00:00,0.0,long,2026-03-23,INTC
2026-03-22 22:00:00+00:00,-0.25137111517367083,long,2026-03-23,INTC
2026-03-26 16:30:00+00:00,-1.208324009845596,long,2026-03-27,INTC
2026-03-26 18:15:00+00:00,0.6114130434782705,long,2026-03-27,INTC
2026-03-26 19:00:00+00:00,0.8397639582387484,long,2026-03-27,INTC
2026-03-29 21:45:00+00:00,1.1313784345416855,short,2026-03-30,INTC
2026-03-29 22:30:00+00:00,-0.44124477473294066,long,2026-03-30,INTC
2026-03-29 23:00:00+00:00,-0.09315323707498324,long,2026-03-30,INTC
2026-03-31 16:00:00+00:00,-2.051282051282066,short,2026-04-01,INTC
2026-03-31 18:00:00+00:00,-1.0278666057560448,short,2026-04-01,INTC
2026-04-05 19:30:00+00:00,-0.1596806387225591,short,2026-04-06,INTC
2026-04-05 21:30:00+00:00,0.5181347150258975,short,2026-04-06,INTC
2026-04-05 22:00:00+00:00,0.9045226130653283,long,2026-04-06,INTC
2026-04-07 22:00:00+00:00,-2.758620689655178,short,2026-04-08,INTC
2026-04-08 16:00:00+00:00,-2.159267576438073,short,2026-04-09,INTC
2026-04-08 16:45:00+00:00,1.0226691665246368,short,2026-04-09,INTC
2026-04-12 20:00:00+00:00,1.0006561679789971,long,2026-04-13,INTC
2026-04-13 16:30:00+00:00,0.5372217958557357,short,2026-04-14,INTC
2026-04-23 20:00:00+00:00,-5.644415069398545,short,2026-04-24,INTC
2026-04-26 16:45:00+00:00,-0.03610977371208968,short,2026-04-27,INTC
2026-04-26 19:00:00+00:00,-0.3364171572750152,short,2026-04-27,INTC
2026-04-26 19:45:00+00:00,-0.14405762304923186,short,2026-04-27,INTC
2026-04-26 20:30:00+00:00,1.016381681214873,short,2026-04-27,INTC
2026-04-26 21:30:00+00:00,0.9214935375777888,short,2026-04-27,INTC
2026-04-28 23:45:00+00:00,0.5345108064141346,short,2026-04-29,INTC
2026-04-29 22:45:00+00:00,-1.0280662074637625,short,2026-04-30,INTC
2026-05-03 17:30:00+00:00,0.07849293563578774,short,2026-05-04,INTC
2026-05-03 21:00:00+00:00,0.3423317683881044,short,2026-05-04,INTC
2026-05-03 21:30:00+00:00,0.733209502395149,short,2026-05-04,INTC
2026-05-04 18:15:00+00:00,-1.4316613451436866,long,2026-05-05,INTC
2026-05-04 19:15:00+00:00,-0.8578811369508998,long,2026-05-05,INTC
2026-05-05 22:45:00+00:00,1.0740482011875607,short,2026-05-06,INTC
2026-05-10 20:30:00+00:00,-0.3304224687278756,long,2026-05-11,INTC
2026-05-10 21:45:00+00:00,0.24548622109596963,long,2026-05-11,INTC
2026-05-17 16:15:00+00:00,0.43466198094885833,short,2026-05-18,INTC
2026-05-17 21:30:00+00:00,0.5530463637201555,short,2026-05-18,INTC
2026-05-17 22:00:00+00:00,2.85162358568668,short,2026-05-18,INTC
2026-05-19 16:30:00+00:00,-1.2308806226807745,short,2026-05-20,INTC
2026-05-19 17:00:00+00:00,-1.1832197920401466,short,2026-05-20,INTC
2026-05-24 21:45:00+00:00,0.46828787380874815,long,2026-05-25,INTC
2026-05-24 22:15:00+00:00,0.5336617405582889,long,2026-05-25,INTC
2026-05-25 22:45:00+00:00,-0.8457347320484643,long,2026-05-26,INTC
2026-05-31 17:15:00+00:00,-0.15483870967742952,short,2026-06-01,INTC
2026-05-31 19:15:00+00:00,0.16318818174011485,short,2026-06-01,INTC
2026-05-31 22:30:00+00:00,3.430237543949921,short,2026-06-01,INTC
2026-05-31 23:00:00+00:00,3.753535007284259,short,2026-06-01,INTC
2026-06-02 23:15:00+00:00,0.8405742349830048,long,2026-06-03,INTC
2026-06-10 23:00:00+00:00,3.7725009574875568,long,2026-06-11,INTC
2026-06-14 21:15:00+00:00,-1.002699575780941,short,2026-06-15,INTC
2026-06-15 20:45:00+00:00,-0.023805745119820365,long,2026-06-16,INTC
2026-06-15 21:30:00+00:00,-0.23807634314737536,long,2026-06-16,INTC
2026-06-16 19:45:00+00:00,1.3064640081974277,long,2026-06-17,INTC
2026-06-17 18:30:00+00:00,2.349932059787385,short,2026-06-18,INTC
2026-06-21 23:00:00+00:00,4.318618042226485,long,2026-06-22,INTC
2026-06-24 17:15:00+00:00,-0.23725700290830876,long,2026-06-25,INTC
2026-06-24 17:45:00+00:00,1.930800123571208,long,2026-06-25,INTC
2026-06-24 18:45:00+00:00,6.056621287128716,long,2026-06-25,INTC
2026-07-05 23:15:00+00:00,-0.726216412490932,long,2026-07-06,INTC
2026-07-06 22:45:00+00:00,-0.6505805814049248,long,2026-07-07,INTC
2026-07-06 23:45:00+00:00,-0.8991915525490835,long,2026-07-07,INTC
2026-07-12 22:00:00+00:00,0.4624172635778301,long,2026-07-13,INTC
2026-07-12 23:00:00+00:00,-1.3254652746255147,long,2026-07-13,INTC
2026-07-13 16:15:00+00:00,-1.004054836841084,long,2026-07-14,INTC
2026-07-14 23:45:00+00:00,-0.9632143840014651,short,2026-07-15,INTC
2026-07-15 16:00:00+00:00,2.311093247588425,long,2026-07-16,INTC
2026-07-16 18:45:00+00:00,0.4246944271804498,long,2026-07-17,INTC
2026-07-20 16:00:00+00:00,0.603561009958753,short,2026-07-21,INTC
2026-07-21 16:30:00+00:00,-1.0429623959429701,short,2026-07-22,INTC
2026-07-21 19:30:00+00:00,-0.18926847733509167,short,2026-07-22,INTC
2026-07-21 21:00:00+00:00,0.1984877126653961,short,2026-07-22,INTC
2026-07-23 18:00:00+00:00,11.386934673366822,long,2026-07-24,INTC
2026-07-23 20:00:00+00:00,7.407741586213112,short,2026-07-24,INTC
2026-07-26 22:15:00+00:00,1.5672343537770361,short,2026-07-27,INTC
2026-07-28 22:45:00+00:00,4.03293163107028,long,2026-07-29,INTC
2026-07-29 21:00:00+00:00,1.7960311479527702,long,2026-07-30,INTC
2026-07-29 21:30:00+00:00,2.027197179551754,long,2026-07-30,INTC
2026-08-02 17:00:00+00:00,-0.139634801288957,short,2026-08-03,INTC
2026-08-02 19:00:00+00:00,-0.06435696664164325,short,2026-08-03,INTC
2026-08-02 21:30:00+00:00,0.4268943436499528,short,2026-08-03,INTC
2026-08-02 23:00:00+00:00,1.4941302027748238,short,2026-08-03,INTC
2026-08-03 22:30:00+00:00,1.1223711452544416,short,2026-08-04,INTC
2026-08-03 23:15:00+00:00,0.9469903123979551,short,2026-08-04,INTC
2026-08-04 18:45:00+00:00,2.525752773375589,short,2026-08-05,INTC
2026-08-05 16:15:00+00:00,-0.04881382407497803,short,2026-08-06,INTC
2026-03-15 19:00:00+00:00,0.31948881789137795,short,2026-03-16,ORCL
2026-03-22 17:00:00+00:00,0.36322055559294686,long,2026-03-23,ORCL
2026-03-30 19:00:00+00:00,1.0487982520029027,long,2026-03-31,ORCL
2026-03-31 16:15:00+00:00,-2.227187041820855,short,2026-04-01,ORCL
2026-04-05 22:00:00+00:00,0.8575380359612694,long,2026-04-06,ORCL
2026-04-07 23:15:00+00:00,-0.36454465672044467,short,2026-04-08,ORCL
2026-04-13 20:30:00+00:00,-0.7477346175781108,short,2026-04-14,ORCL
2026-04-20 19:45:00+00:00,-0.13512752660322924,short,2026-04-21,ORCL
2026-04-20 21:45:00+00:00,-0.2755130728141708,short,2026-04-21,ORCL
2026-04-20 22:45:00+00:00,-0.3706615747500752,short,2026-04-21,ORCL
2026-04-22 16:00:00+00:00,0.6678681225484984,short,2026-04-23,ORCL
2026-04-22 20:00:00+00:00,0.5673139864717625,long,2026-04-23,ORCL
2026-04-23 17:30:00+00:00,0.194697360132845,long,2026-04-24,ORCL
2026-04-26 16:15:00+00:00,-0.07496251874063997,short,2026-04-27,ORCL
2026-04-26 17:30:00+00:00,-0.20724195498242892,short,2026-04-27,ORCL
2026-04-26 18:45:00+00:00,-0.20671834625323182,short,2026-04-27,ORCL
2026-04-26 20:30:00+00:00,0.665099478240927,short,2026-04-27,ORCL
2026-04-26 21:15:00+00:00,0.7451137731415258,short,2026-04-27,ORCL
2026-04-29 16:00:00+00:00,-0.47279872282942614,long,2026-04-30,ORCL
2026-04-29 18:00:00+00:00,-0.1974211857609931,long,2026-04-30,ORCL
2026-04-29 22:00:00+00:00,-0.3452662184262989,short,2026-04-30,ORCL
2026-05-03 16:00:00+00:00,-0.67727930535455,short,2026-05-04,ORCL
2026-05-03 17:00:00+00:00,-0.15001153934919298,short,2026-05-04,ORCL
2026-05-06 18:30:00+00:00,0.02063770508718976,short,2026-05-07,ORCL
2026-05-06 19:45:00+00:00,1.8370279146141089,short,2026-05-07,ORCL
2026-05-07 21:30:00+00:00,0.876075183179359,long,2026-05-08,ORCL
2026-05-10 17:30:00+00:00,0.2589489718202498,short,2026-05-11,ORCL
2026-05-10 20:15:00+00:00,-0.30143565115210436,long,2026-05-11,ORCL
2026-05-10 23:15:00+00:00,0.5259629763316509,long,2026-05-11,ORCL
2026-05-11 16:15:00+00:00,0.7807715860379649,short,2026-05-12,ORCL
2026-05-17 21:15:00+00:00,0.5336787564766854,short,2026-05-18,ORCL
2026-05-19 21:45:00+00:00,0.027584684982895347,long,2026-05-20,ORCL
2026-05-19 22:15:00+00:00,-0.47997351870241456,long,2026-05-20,ORCL
2026-05-20 19:30:00+00:00,0.23957834211788542,short,2026-05-21,ORCL
2026-05-24 23:15:00+00:00,0.38077595965833044,long,2026-05-25,ORCL
2026-05-25 20:00:00+00:00,0.2036452499745378,short,2026-05-26,ORCL
2026-05-26 16:30:00+00:00,0.10432423973709692,long,2026-05-27,ORCL
2026-05-26 17:15:00+00:00,0.5648535564853674,long,2026-05-27,ORCL
2026-05-28 20:15:00+00:00,-1.1520848397204242,short,2026-05-29,ORCL
2026-05-31 18:30:00+00:00,0.22135194959985727,short,2026-06-01,ORCL
2026-06-01 16:45:00+00:00,-1.085547634478301,short,2026-06-02,ORCL
2026-06-03 20:30:00+00:00,-0.8516360376512822,long,2026-06-04,ORCL
2026-06-10 20:15:00+00:00,-2.789677149723113,long,2026-06-11,ORCL
2026-06-10 20:45:00+00:00,-3.3084709643047328,long,2026-06-11,ORCL
2026-06-14 21:15:00+00:00,-0.29654734166491004,short,2026-06-15,ORCL
2026-06-16 20:00:00+00:00,0.5301772612863465,long,2026-06-17,ORCL
2026-06-17 19:30:00+00:00,0.8251366120218595,long,2026-06-18,ORCL
2026-06-21 20:15:00+00:00,-0.11346444780635512,long,2026-06-22,ORCL
2026-06-21 21:30:00+00:00,-0.9098294069861956,long,2026-06-22,ORCL
2026-06-21 22:00:00+00:00,-1.3992840872111834,long,2026-06-22,ORCL
2026-06-21 23:30:00+00:00,-0.34978411761490413,long,2026-06-22,ORCL
2026-06-28 17:15:00+00:00,0.03317629885211115,short,2026-06-29,ORCL
2026-06-28 18:00:00+00:00,0.0398062761228668,short,2026-06-29,ORCL
2026-07-01 20:00:00+00:00,0.48288893554484513,long,2026-07-02,ORCL
2026-07-02 16:00:00+00:00,-0.37642045454545636,long,2026-07-03,ORCL
2026-07-05 22:15:00+00:00,1.1885840646810863,short,2026-07-06,ORCL
2026-07-05 23:00:00+00:00,0.8500933029234825,short,2026-07-06,ORCL
2026-07-12 21:45:00+00:00,-0.1985815602836838,long,2026-07-13,ORCL
2026-07-12 23:45:00+00:00,-0.9380329732802672,long,2026-07-13,ORCL
2026-07-13 19:30:00+00:00,0.36369146840431466,long,2026-07-14,ORCL
2026-07-13 20:00:00+00:00,0.3257082260263333,long,2026-07-14,ORCL
2026-07-13 21:00:00+00:00,-0.28744326777608853,long,2026-07-14,ORCL
2026-07-15 16:30:00+00:00,-0.5885459895872636,short,2026-07-16,ORCL
2026-07-15 18:15:00+00:00,1.0079139913394042,short,2026-07-16,ORCL
2026-07-21 21:00:00+00:00,-0.13317665491576758,short,2026-07-22,ORCL
2026-07-21 23:15:00+00:00,0.17947717518532746,short,2026-07-22,ORCL
2026-07-26 22:30:00+00:00,-0.28224426958602944,short,2026-07-27,ORCL
2026-07-30 22:30:00+00:00,-0.40898217455049846,short,2026-07-31,ORCL
2026-07-30 23:30:00+00:00,-0.10798303123793485,short,2026-07-31,ORCL
2026-08-02 22:00:00+00:00,-0.6466337010270218,short,2026-08-03,ORCL
2026-08-02 23:45:00+00:00,-0.7457008065743453,short,2026-08-03,ORCL
2026-08-03 16:00:00+00:00,-1.3966882649387946,short,2026-08-04,ORCL
2026-08-03 19:15:00+00:00,-0.25988621198287376,short,2026-08-04,ORCL
2026-08-03 20:00:00+00:00,0.4548635409377222,short,2026-08-04,ORCL
2026-08-05 21:30:00+00:00,-0.09107468123861207,long,2026-08-06,ORCL
2026-03-04 16:15:00+00:00,-0.6376125681982536,short,2026-03-05,PLTR
2026-03-04 19:45:00+00:00,0.9727626459143934,short,2026-03-05,PLTR
2026-03-08 20:30:00+00:00,0.49637266132109836,short,2026-03-09,PLTR
2026-03-08 21:00:00+00:00,-0.40844980534813224,long,2026-03-09,PLTR
2026-03-08 22:00:00+00:00,-1.834451901565981,long,2026-03-09,PLTR
2026-03-08 23:00:00+00:00,-2.954181352130736,long,2026-03-09,PLTR
2026-03-16 18:00:00+00:00,0.3331591324797656,short,2026-03-17,PLTR
2026-03-16 19:00:00+00:00,0.46972860125260585,short,2026-03-17,PLTR
2026-03-18 19:45:00+00:00,-0.22902761418661655,long,2026-03-19,PLTR
2026-03-18 21:45:00+00:00,-0.17708401652785088,long,2026-03-19,PLTR
2026-03-19 19:00:00+00:00,0.3589283425201928,short,2026-03-20,PLTR
2026-03-19 19:45:00+00:00,0.19261637239166296,short,2026-03-20,PLTR
2026-03-22 18:30:00+00:00,-0.45634920634920473,long,2026-03-23,PLTR
2026-03-22 21:30:00+00:00,0.09973404255319007,long,2026-03-23,PLTR
2026-03-22 22:00:00+00:00,1.1460554371002019,long,2026-03-23,PLTR
2026-03-25 23:15:00+00:00,0.2267426794506422,long,2026-03-26,PLTR
2026-03-25 23:45:00+00:00,0.48612911589318575,long,2026-03-26,PLTR
2026-03-26 16:15:00+00:00,-0.6957452502006856,long,2026-03-27,PLTR
2026-03-26 18:15:00+00:00,-0.16168148746968924,long,2026-03-27,PLTR
2026-03-26 19:00:00+00:00,-0.10127607859024002,long,2026-03-27,PLTR
2026-03-26 19:45:00+00:00,0.12190166598944341,long,2026-03-27,PLTR
2026-03-29 22:30:00+00:00,-0.7388462631429338,long,2026-03-30,PLTR
2026-03-29 23:15:00+00:00,0.007107320540167272,long,2026-03-30,PLTR
2026-03-30 19:00:00+00:00,-0.16782196278731787,long,2026-03-31,PLTR
2026-03-30 21:00:00+00:00,-0.8185937728402259,long,2026-03-31,PLTR
2026-03-30 23:00:00+00:00,1.142225497420779,long,2026-03-31,PLTR
2026-03-31 16:30:00+00:00,-0.7850158380388494,short,2026-04-01,PLTR
2026-04-05 21:15:00+00:00,0.6405501989076856,short,2026-04-06,PLTR
2026-04-05 22:00:00+00:00,0.4280182077586847,long,2026-04-06,PLTR
2026-04-06 17:00:00+00:00,1.0827374872318662,long,2026-04-07,PLTR
2026-04-07 22:00:00+00:00,-1.7746812146707036,short,2026-04-08,PLTR
2026-04-08 19:15:00+00:00,1.3776278969648947,long,2026-04-09,PLTR
2026-04-13 17:00:00+00:00,1.480595229193138,short,2026-04-14,PLTR
2026-04-15 16:15:00+00:00,-1.0613291544981918,short,2026-04-16,PLTR
2026-04-15 18:00:00+00:00,0.09849444209932834,short,2026-04-16,PLTR
2026-04-23 16:15:00+00:00,-0.6713286713286748,long,2026-04-24,PLTR
2026-04-23 17:00:00+00:00,0.2963172005079562,long,2026-04-24,PLTR
2026-04-23 17:30:00+00:00,0.48309178743961567,long,2026-04-24,PLTR
2026-04-26 22:00:00+00:00,0.4428822495606388,long,2026-04-27,PLTR
2026-04-30 21:00:00+00:00,-0.14891504751097795,short,2026-05-01,PLTR
2026-05-03 16:30:00+00:00,-0.23377337733774262,short,2026-05-04,PLTR
2026-05-03 17:00:00+00:00,-0.17851012701681768,short,2026-05-04,PLTR
2026-05-03 20:30:00+00:00,0.02734855736359343,short,2026-05-04,PLTR
2026-05-03 21:15:00+00:00,0.36202185792350017,short,2026-05-04,PLTR
2026-05-04 21:30:00+00:00,-2.0085293713027808,long,2026-05-05,PLTR
2026-05-05 16:00:00+00:00,1.1083197872026052,long,2026-05-06,PLTR
2026-05-10 20:15:00+00:00,-0.7051468450130827,long,2026-05-11,PLTR
2026-05-12 20:45:00+00:00,0.6533575317604345,short,2026-05-13,PLTR
2026-05-12 21:15:00+00:00,1.3419913419913332,short,2026-05-13,PLTR
2026-05-14 16:30:00+00:00,-0.29906542056075125,short,2026-05-15,PLTR
2026-05-17 16:15:00+00:00,0.21704962203429323,short,2026-05-18,PLTR
2026-05-24 21:30:00+00:00,0.06478548805068929,long,2026-05-25,PLTR
2026-05-25 19:45:00+00:00,0.24122029088327057,short,2026-05-26,PLTR
2026-05-28 17:15:00+00:00,-1.5749148694665038,short,2026-05-29,PLTR
2026-05-28 18:30:00+00:00,-0.9490333919156324,short,2026-05-29,PLTR
2026-05-28 19:45:00+00:00,-0.0418322526668069,short,2026-05-29,PLTR
2026-05-31 17:15:00+00:00,0.2739896631172578,short,2026-06-01,PLTR
2026-05-31 23:00:00+00:00,1.2918307086614123,short,2026-06-01,PLTR
2026-06-02 23:00:00+00:00,-0.14634470830838797,long,2026-06-03,PLTR
2026-06-03 21:00:00+00:00,-0.3756733768074838,long,2026-06-04,PLTR
2026-06-14 21:30:00+00:00,-0.2458323730506473,short,2026-06-15,PLTR
2026-06-21 21:00:00+00:00,-0.28793774319066934,long,2026-06-22,PLTR
2026-06-21 22:00:00+00:00,-0.7480713784773663,long,2026-06-22,PLTR
2026-06-21 22:30:00+00:00,-0.8109794135995108,long,2026-06-22,PLTR
2026-06-28 23:00:00+00:00,0.06152764349124373,short,2026-06-29,PLTR
2026-07-05 23:00:00+00:00,2.0953101361573245,short,2026-07-06,PLTR
2026-07-07 16:30:00+00:00,-0.6560244915810198,short,2026-07-08,PLTR
2026-07-07 17:15:00+00:00,1.8351951254896304,short,2026-07-08,PLTR
2026-07-09 16:00:00+00:00,1.2092949731267844,long,2026-07-10,PLTR
2026-07-12 19:00:00+00:00,-0.22094216049870496,short,2026-07-13,PLTR
2026-07-12 22:00:00+00:00,0.22966658747129998,long,2026-07-13,PLTR
2026-07-13 16:45:00+00:00,0.10765090349866835,short,2026-07-14,PLTR
2026-07-19 18:30:00+00:00,0.07585526814837262,long,2026-07-20,PLTR
2026-07-19 22:00:00+00:00,0.36418816388466,long,2026-07-20,PLTR
2026-07-20 16:15:00+00:00,-0.45008485206226023,short,2026-07-21,PLTR
2026-07-21 17:00:00+00:00,0.38452838724269967,long,2026-07-22,PLTR
2026-07-21 22:15:00+00:00,-0.128817155414096,long,2026-07-22,PLTR
2026-07-21 23:45:00+00:00,0.0985371030091775,long,2026-07-22,PLTR
2026-07-29 18:00:00+00:00,3.6822474406793093,short,2026-07-30,PLTR
2026-07-29 18:30:00+00:00,4.087429969225919,short,2026-07-30,PLTR
2026-07-29 20:00:00+00:00,0.7909697618851297,long,2026-07-30,PLTR
2026-08-02 23:45:00+00:00,-0.18408836241396997,short,2026-08-03,PLTR
2026-08-03 20:00:00+00:00,-5.420436007711671,short,2026-08-04,PLTR
2026-08-05 21:30:00+00:00,0.46678176353986967,long,2026-08-06,PLTR
2026-03-04 19:00:00+00:00,2.12967345007099,short,2026-03-05,COIN
2026-03-08 16:45:00+00:00,-0.08307372793353585,long,2026-03-09,COIN
2026-03-08 18:30:00+00:00,0.5874096792639172,long,2026-03-09,COIN
2026-03-08 21:00:00+00:00,-0.936768149882905,long,2026-03-09,COIN
2026-03-08 21:45:00+00:00,-1.197417742607254,long,2026-03-09,COIN
2026-03-08 23:30:00+00:00,-0.23182297154900056,long,2026-03-09,COIN
2026-03-15 21:30:00+00:00,-0.8047780533481763,short,2026-03-16,COIN
2026-03-15 22:30:00+00:00,-0.34820347194186585,short,2026-03-16,COIN
2026-03-15 23:30:00+00:00,0.14059048001606733,short,2026-03-16,COIN
2026-03-17 17:00:00+00:00,-1.1371237458194017,short,2026-03-18,COIN
2026-03-19 19:00:00+00:00,0.7468515083471683,short,2026-03-20,COIN
2026-03-22 18:30:00+00:00,-0.1491923037349463,long,2026-03-23,COIN
2026-03-22 19:45:00+00:00,-0.7060036073177067,long,2026-03-23,COIN
2026-03-22 20:45:00+00:00,0.1601156965032713,long,2026-03-23,COIN
2026-03-22 23:45:00+00:00,-0.0571369208393957,long,2026-03-23,COIN
2026-03-25 17:15:00+00:00,0.5624793206132184,long,2026-03-26,COIN
2026-03-29 17:15:00+00:00,0.2930539967576973,long,2026-03-30,COIN
2026-03-29 22:30:00+00:00,0.41540785498488386,long,2026-03-30,COIN
2026-03-31 16:30:00+00:00,-1.8016970824131118,short,2026-04-01,COIN
2026-04-05 19:15:00+00:00,-0.10423905489924667,short,2026-04-06,COIN
2026-04-05 20:30:00+00:00,-0.31832388007873025,short,2026-04-06,COIN
2026-04-05 21:15:00+00:00,-1.7181534189517622,short,2026-04-06,COIN
2026-04-05 22:30:00+00:00,-1.650031731379431,short,2026-04-06,COIN
2026-04-06 17:00:00+00:00,0.8037662188540518,long,2026-04-07,COIN
2026-04-06 22:45:00+00:00,-0.21869244935542875,long,2026-04-07,COIN
2026-04-07 22:30:00+00:00,-1.1458792419567931,short,2026-04-08,COIN
2026-04-08 18:30:00+00:00,-0.1825858724181173,long,2026-04-09,COIN
2026-04-12 16:00:00+00:00,0.1944934054579628,long,2026-04-13,COIN
2026-04-12 16:30:00+00:00,0.012146978439098177,long,2026-04-13,COIN
2026-04-12 22:00:00+00:00,0.09156391161031507,long,2026-04-13,COIN
2026-04-12 23:00:00+00:00,0.7785201986146184,long,2026-04-13,COIN
2026-04-13 23:00:00+00:00,0.7262286775882365,short,2026-04-14,COIN
2026-04-15 19:30:00+00:00,-0.5854560394412456,short,2026-04-16,COIN
2026-04-15 20:45:00+00:00,-0.7143586080212261,short,2026-04-16,COIN
2026-04-15 22:00:00+00:00,-0.2899140430293379,short,2026-04-16,COIN
2026-04-19 17:00:00+00:00,-0.1889419252187774,long,2026-04-20,COIN
2026-04-19 17:45:00+00:00,0.21468870138299234,long,2026-04-20,COIN
2026-04-19 22:00:00+00:00,-0.02524614996213259,long,2026-04-20,COIN
2026-04-19 23:00:00+00:00,1.2964737930686754,long,2026-04-20,COIN
2026-04-20 17:00:00+00:00,-1.2945609119891621,short,2026-04-21,COIN
2026-04-23 17:00:00+00:00,0.1011531458628312,long,2026-04-24,COIN
2026-04-26 18:15:00+00:00,-0.06941689805632922,short,2026-04-27,COIN
2026-04-26 18:45:00+00:00,-0.049571209041809894,short,2026-04-27,COIN
2026-04-26 20:30:00+00:00,0.09400356224025241,short,2026-04-27,COIN
2026-04-26 21:45:00+00:00,0.1824277684646547,short,2026-04-27,COIN
2026-04-26 23:30:00+00:00,-0.6164620012822475,short,2026-04-27,COIN
2026-04-27 16:15:00+00:00,0.7585013235593685,long,2026-04-28,COIN
2026-04-30 18:30:00+00:00,0.8720930232558044,short,2026-05-01,COIN
2026-05-03 16:30:00+00:00,-0.07709307704169,short,2026-05-04,COIN
2026-05-03 17:00:00+00:00,-0.061645946778998706,short,2026-05-04,COIN
2026-05-03 18:45:00+00:00,0.02566076469078249,short,2026-05-04,COIN
2026-05-03 19:15:00+00:00,-0.19501180334597912,short,2026-05-04,COIN
2026-05-03 20:15:00+00:00,-0.046172788836451595,short,2026-05-04,COIN
2026-05-03 21:00:00+00:00,-0.010236986231237921,short,2026-05-04,COIN
2026-05-03 21:45:00+00:00,0.5686766740099269,short,2026-05-04,COIN
2026-05-03 22:30:00+00:00,1.200204290091944,short,2026-05-04,COIN
2026-05-07 18:30:00+00:00,-4.089490114464089,long,2026-05-08,COIN
2026-05-07 19:15:00+00:00,-4.346009193480982,long,2026-05-08,COIN
2026-05-07 20:00:00+00:00,-3.716358284272514,long,2026-05-08,COIN
2026-05-10 19:15:00+00:00,0.9895198635144986,short,2026-05-11,COIN
2026-05-10 22:45:00+00:00,1.50496007742561,short,2026-05-11,COIN
2026-05-11 16:00:00+00:00,-1.8099118734009156,short,2026-05-12,COIN
2026-05-12 16:45:00+00:00,2.170990389881977,long,2026-05-13,COIN
2026-05-17 23:30:00+00:00,-0.07395277587027849,long,2026-05-18,COIN
2026-05-19 16:45:00+00:00,0.35548686244203376,short,2026-05-20,COIN
2026-05-21 17:45:00+00:00,0.6871794871794901,short,2026-05-22,COIN
2026-05-26 16:00:00+00:00,-1.312222101724314,long,2026-05-27,COIN
2026-05-26 16:45:00+00:00,-1.7292006525285508,long,2026-05-27,COIN
2026-05-26 17:15:00+00:00,-1.7252675256606231,long,2026-05-27,COIN
2026-05-27 19:45:00+00:00,0.005746135723727619,long,2026-05-28,COIN
2026-05-27 21:45:00+00:00,-0.21834061135370675,long,2026-05-28,COIN
2026-05-31 16:00:00+00:00,0.15332557893625864,long,2026-06-01,COIN
2026-06-03 16:15:00+00:00,0.6005095232318292,long,2026-06-04,COIN
2026-06-03 19:15:00+00:00,0.11028060286730756,long,2026-06-04,COIN
2026-06-03 19:45:00+00:00,0.22035869498682192,long,2026-06-04,COIN
2026-06-03 20:30:00+00:00,-0.17789228315545635,long,2026-06-04,COIN
2026-06-07 19:30:00+00:00,0.5816259087904729,long,2026-06-08,COIN
2026-06-07 22:00:00+00:00,-0.6711409395973256,short,2026-06-08,COIN
2026-06-08 16:00:00+00:00,-1.0936051899907318,short,2026-06-09,COIN
2026-06-08 17:45:00+00:00,0.8802494039978015,short,2026-06-09,COIN
2026-06-14 21:15:00+00:00,-1.5709046454767783,short,2026-06-15,COIN
2026-06-18 18:00:00+00:00,0.9530292716133371,long,2026-06-19,COIN
2026-06-21 21:00:00+00:00,0.206298161519336,long,2026-06-22,COIN
2026-06-21 23:30:00+00:00,0.847251005729599,long,2026-06-22,COIN
2026-06-24 16:45:00+00:00,0.19265262738323852,long,2026-06-25,COIN
2026-06-25 18:30:00+00:00,-0.3562945368170922,long,2026-06-26,COIN
2026-06-25 19:00:00+00:00,0.2881439314076806,long,2026-06-26,COIN
2026-06-28 22:15:00+00:00,-0.3636363636363549,long,2026-06-29,COIN
2026-07-05 22:15:00+00:00,2.665520206362837,short,2026-07-06,COIN
2026-07-12 21:45:00+00:00,-0.4272430258859039,long,2026-07-13,COIN
2026-07-12 23:00:00+00:00,0.2523818537446987,long,2026-07-13,COIN
2026-07-13 17:45:00+00:00,2.249594813614264,long,2026-07-14,COIN
2026-07-14 16:45:00+00:00,0.9002898193253839,short,2026-07-15,COIN
2026-07-14 23:30:00+00:00,0.8325681052953726,short,2026-07-15,COIN
2026-07-15 17:00:00+00:00,-0.6919790601119136,short,2026-07-16,COIN
2026-07-15 18:15:00+00:00,0.36939942802669545,short,2026-07-16,COIN
2026-07-16 18:00:00+00:00,-0.10588601681720267,long,2026-07-17,COIN
2026-07-19 18:00:00+00:00,0.3296354992076145,long,2026-07-20,COIN
2026-07-19 22:45:00+00:00,1.1033099297893756,short,2026-07-20,COIN
2026-07-20 17:45:00+00:00,2.000731975112846,short,2026-07-21,COIN
2026-07-22 17:15:00+00:00,-1.029220395125996,long,2026-07-23,COIN
2026-07-22 17:45:00+00:00,-1.1818505760779252,long,2026-07-23,COIN
2026-07-26 16:15:00+00:00,0.05599452497978552,short,2026-07-27,COIN
2026-07-26 17:00:00+00:00,0.05598059339428918,short,2026-07-27,COIN
2026-07-26 21:15:00+00:00,-0.8623898746742631,short,2026-07-27,COIN
2026-07-26 22:00:00+00:00,-0.19792182088074206,short,2026-07-27,COIN
2026-07-28 16:45:00+00:00,1.5876791342094188,short,2026-07-29,COIN
2026-07-29 19:30:00+00:00,-1.1653405175114373,long,2026-07-30,COIN
2026-07-30 20:00:00+00:00,0.4420464148735537,long,2026-07-31,COIN
2026-07-30 20:45:00+00:00,0.843170320404707,long,2026-07-31,COIN
2026-08-02 23:45:00+00:00,-0.4810624026018173,short,2026-08-03,COIN
2026-08-06 18:30:00+00:00,-0.33403776671894203,long,2026-08-07,COIN
2026-08-06 19:30:00+00:00,0.14368799178925418,long,2026-08-07,COIN
2026-03-05 17:30:00+00:00,0.0,long,2026-03-06,QQQ
2026-03-08 21:45:00+00:00,1.9438914632718296,short,2026-03-09,QQQ
2026-03-08 22:15:00+00:00,-0.14650267452557264,long,2026-03-09,QQQ
2026-03-08 23:30:00+00:00,0.25981573594515694,long,2026-03-09,QQQ
2026-03-09 19:15:00+00:00,-0.08744575888068873,short,2026-03-10,QQQ
2026-03-09 21:30:00+00:00,0.3293048374880647,short,2026-03-10,QQQ
2026-03-11 22:30:00+00:00,-0.178716221806674,long,2026-03-12,QQQ
2026-03-15 22:45:00+00:00,-0.05532364331339856,short,2026-03-16,QQQ
2026-03-18 19:15:00+00:00,-0.3585190149103634,long,2026-03-19,QQQ
2026-03-19 19:00:00+00:00,0.03694808793643922,short,2026-03-20,QQQ
2026-03-22 16:30:00+00:00,-0.10405472254917392,long,2026-03-23,QQQ
2026-03-22 18:00:00+00:00,0.10933629452463123,long,2026-03-23,QQQ
2026-03-22 21:00:00+00:00,-0.2584908244316564,long,2026-03-23,QQQ
2026-03-22 21:30:00+00:00,-0.06340610755046772,long,2026-03-23,QQQ
2026-03-22 22:30:00+00:00,-0.4548185016733819,long,2026-03-23,QQQ
2026-03-25 23:45:00+00:00,0.2097472801064093,long,2026-03-26,QQQ
2026-03-26 16:15:00+00:00,-0.5654197552146134,long,2026-03-27,QQQ
2026-03-30 19:00:00+00:00,0.2814628899247218,long,2026-03-31,QQQ
2026-03-31 16:30:00+00:00,-0.2626269653541069,short,2026-04-01,QQQ
2026-03-31 18:00:00+00:00,-0.46190178509410984,short,2026-04-01,QQQ
2026-03-31 18:30:00+00:00,-0.38336773813032465,short,2026-04-01,QQQ
2026-04-05 22:00:00+00:00,0.5256083270145595,long,2026-04-06,QQQ
2026-04-07 22:00:00+00:00,-1.740750688242798,short,2026-04-08,QQQ
2026-04-07 22:30:00+00:00,-1.0151353513801809,short,2026-04-08,QQQ
2026-04-13 16:15:00+00:00,-0.07508855552473825,short,2026-04-14,QQQ
2026-04-13 19:30:00+00:00,-0.3985813756751444,short,2026-04-14,QQQ
2026-04-14 19:15:00+00:00,-0.07180583701669185,short,2026-04-15,QQQ
2026-04-14 19:45:00+00:00,-0.03508883855944944,short,2026-04-15,QQQ
2026-04-15 18:45:00+00:00,-0.2600431829285599,short,2026-04-16,QQQ
2026-04-21 17:00:00+00:00,0.33972449739390065,long,2026-04-22,QQQ
2026-04-21 19:30:00+00:00,0.6407564658859499,long,2026-04-22,QQQ
2026-04-22 19:45:00+00:00,-0.010681804309342624,short,2026-04-23,QQQ
2026-04-22 20:45:00+00:00,0.03964804733366245,short,2026-04-23,QQQ
2026-04-23 17:30:00+00:00,0.38864898210979604,long,2026-04-24,QQQ
2026-04-26 19:15:00+00:00,-0.46891908139954364,short,2026-04-27,QQQ
2026-04-26 20:15:00+00:00,0.07960946301163174,short,2026-04-27,QQQ
2026-04-29 22:00:00+00:00,-0.5278116118554665,short,2026-04-30,QQQ
2026-05-03 16:30:00+00:00,-0.20169363330317935,short,2026-05-04,QQQ
2026-05-03 17:00:00+00:00,-0.025185185185172543,short,2026-05-04,QQQ
2026-05-03 21:15:00+00:00,0.32199459403571273,short,2026-05-04,QQQ
2026-05-04 16:00:00+00:00,0.46513708126481035,long,2026-05-05,QQQ
2026-05-05 16:45:00+00:00,-0.12031575549491524,short,2026-05-06,QQQ
2026-05-05 17:15:00+00:00,-0.043991494977624335,short,2026-05-06,QQQ
2026-05-05 20:15:00+00:00,-0.14626939897903757,short,2026-05-06,QQQ
2026-05-05 21:45:00+00:00,-0.4092251030370253,short,2026-05-06,QQQ
2026-05-06 19:15:00+00:00,-0.0950310290708467,short,2026-05-07,QQQ
2026-05-06 19:45:00+00:00,0.18702075930429052,short,2026-05-07,QQQ
2026-05-10 16:15:00+00:00,0.1369135767973373,short,2026-05-11,QQQ
2026-05-10 20:30:00+00:00,-0.5031887308150629,long,2026-05-11,QQQ
2026-05-10 21:45:00+00:00,-0.22064507062046212,long,2026-05-11,QQQ
2026-05-13 23:00:00+00:00,-0.08907694020710011,short,2026-05-14,QQQ
2026-05-17 16:00:00+00:00,0.19593470722562012,short,2026-05-18,QQQ
2026-05-20 19:30:00+00:00,0.2090670558026697,short,2026-05-21,QQQ
2026-05-21 17:30:00+00:00,0.2096084514127572,short,2026-05-22,QQQ
2026-05-24 22:00:00+00:00,0.36030315161721393,long,2026-05-25,QQQ
2026-05-25 19:30:00+00:00,0.28737991624928627,short,2026-05-26,QQQ
2026-05-25 23:15:00+00:00,-0.24500357870395062,long,2026-05-26,QQQ
2026-05-26 19:30:00+00:00,0.13808377994095622,short,2026-05-27,QQQ
2026-05-31 20:00:00+00:00,-0.18220836538851426,long,2026-06-01,QQQ
2026-05-31 21:15:00+00:00,0.13106336981489886,long,2026-06-01,QQQ
2026-05-31 22:00:00+00:00,0.30288279517551864,long,2026-06-01,QQQ
2026-06-02 17:00:00+00:00,0.08168731168396448,short,2026-06-03,QQQ
2026-06-02 20:00:00+00:00,0.002675549490971374,short,2026-06-03,QQQ
2026-06-02 21:00:00+00:00,0.2953518830353108,short,2026-06-03,QQQ
2026-06-03 21:00:00+00:00,-0.1551307819940395,long,2026-06-04,QQQ
2026-06-03 23:30:00+00:00,0.28536651338924024,long,2026-06-04,QQQ
2026-06-10 22:45:00+00:00,0.7038581856100068,long,2026-06-11,QQQ
2026-06-10 23:45:00+00:00,1.0064441387300116,long,2026-06-11,QQQ
2026-06-11 17:15:00+00:00,-1.1919052124669705,short,2026-06-12,QQQ
2026-06-11 19:15:00+00:00,-0.023724792408086337,short,2026-06-12,QQQ
2026-06-14 21:15:00+00:00,-0.2934119421402537,short,2026-06-15,QQQ
2026-06-16 19:45:00+00:00,0.11905902316862171,long,2026-06-17,QQQ
2026-06-17 18:00:00+00:00,-0.7577003178779074,long,2026-06-18,QQQ
2026-06-17 19:15:00+00:00,0.03991576397397445,long,2026-06-18,QQQ
2026-06-18 19:30:00+00:00,-0.10784578053384397,short,2026-06-19,QQQ
2026-06-18 21:15:00+00:00,0.2639517345399578,short,2026-06-19,QQQ
2026-06-21 17:30:00+00:00,0.09462016761287995,long,2026-06-22,QQQ
2026-06-21 18:00:00+00:00,-0.035146534011032404,long,2026-06-22,QQQ
2026-06-21 20:45:00+00:00,-0.06636868481647573,long,2026-06-22,QQQ
2026-06-21 22:00:00+00:00,-0.08679142934635564,long,2026-06-22,QQQ
2026-06-21 22:45:00+00:00,0.19652756129626692,long,2026-06-22,QQQ
2026-06-24 16:45:00+00:00,-0.9482456754674851,long,2026-06-25,QQQ
2026-06-24 18:45:00+00:00,2.5311801804349887,long,2026-06-25,QQQ
2026-06-28 20:30:00+00:00,-0.24883665349848538,short,2026-06-29,QQQ
2026-06-28 22:00:00+00:00,0.21179011739623776,short,2026-06-29,QQQ
2026-06-28 23:00:00+00:00,0.48295653391194904,short,2026-06-29,QQQ
2026-06-29 17:00:00+00:00,-0.04560467655230216,short,2026-06-30,QQQ
2026-07-01 16:45:00+00:00,-0.15242018537590107,long,2026-07-02,QQQ
2026-07-01 17:45:00+00:00,-0.24049032541776372,long,2026-07-02,QQQ
2026-07-01 18:30:00+00:00,-0.2585258525852563,long,2026-07-02,QQQ
2026-07-01 19:45:00+00:00,-0.020663149339461562,long,2026-07-02,QQQ
2026-07-05 22:00:00+00:00,0.21319009911955344,long,2026-07-06,QQQ
2026-07-05 23:00:00+00:00,0.3285795148620152,short,2026-07-06,QQQ
2026-07-07 23:45:00+00:00,0.52123061276379,long,2026-07-08,QQQ
2026-07-12 22:00:00+00:00,0.4551617276776998,long,2026-07-13,QQQ
2026-07-13 16:15:00+00:00,-0.25181869054280437,long,2026-07-14,QQQ
2026-07-13 19:15:00+00:00,0.07588532883642252,long,2026-07-14,QQQ
2026-07-13 23:00:00+00:00,0.3799605966788633,long,2026-07-14,QQQ
2026-07-16 16:00:00+00:00,-0.19325988517259196,long,2026-07-17,QQQ
2026-07-16 17:30:00+00:00,-0.3801851459260708,long,2026-07-17,QQQ
2026-07-16 18:45:00+00:00,-0.10751167067477585,long,2026-07-17,QQQ
2026-07-16 20:00:00+00:00,0.05384037744937675,long,2026-07-17,QQQ
2026-07-16 22:15:00+00:00,-0.3899990072752546,long,2026-07-17,QQQ
2026-07-19 22:30:00+00:00,-0.13750626656163778,short,2026-07-20,QQQ
2026-07-19 23:30:00+00:00,0.19757187034703527,short,2026-07-20,QQQ
2026-07-21 16:15:00+00:00,-0.040878464097438005,short,2026-07-22,QQQ
2026-07-21 17:30:00+00:00,0.023941301561825057,short,2026-07-22,QQQ
2026-07-26 22:00:00+00:00,-0.16302387650579675,short,2026-07-27,QQQ
2026-07-26 23:00:00+00:00,0.260870818500214,short,2026-07-27,QQQ
2026-07-26 23:30:00+00:00,0.2880848121686985,short,2026-07-27,QQQ
2026-07-28 22:45:00+00:00,0.9335374827191378,long,2026-07-29,QQQ
2026-07-30 19:00:00+00:00,-0.1268591426071719,short,2026-07-31,QQQ
2026-07-30 22:30:00+00:00,-0.3428588031903379,short,2026-07-31,QQQ
2026-08-02 16:30:00+00:00,0.004331629559051198,short,2026-08-03,QQQ
2026-08-02 17:00:00+00:00,0.004330254041562398,short,2026-08-03,QQQ
2026-08-02 22:00:00+00:00,0.0677038317487777,short,2026-08-03,QQQ
2026-08-04 20:00:00+00:00,0.2538071065989911,short,2026-08-05,QQQ
2026-08-05 19:45:00+00:00,-0.14624973883976544,long,2026-08-06,QQQ
2026-08-05 20:15:00+00:00,0.19799495252303956,long,2026-08-06,QQQ
2026-08-05 21:45:00+00:00,0.0725345236434638,long,2026-08-06,QQQ
2026-03-05 16:15:00+00:00,-4.231929507609977,long,2026-03-06,SNDK
2026-03-08 21:30:00+00:00,0.13905166762677723,long,2026-03-09,SNDK
2026-03-08 22:30:00+00:00,-2.824176694110192,long,2026-03-09,SNDK
2026-03-09 19:45:00+00:00,-0.30513790869728386,short,2026-03-10,SNDK
2026-03-10 17:00:00+00:00,0.8132276560936513,short,2026-03-11,SNDK
2026-03-11 19:30:00+00:00,-0.4842095585418482,short,2026-03-12,SNDK
2026-03-19 19:45:00+00:00,0.13054999030569503,short,2026-03-20,SNDK
2026-03-19 21:15:00+00:00,-0.30709281170564484,short,2026-03-20,SNDK
2026-03-22 20:45:00+00:00,0.4511965275001417,long,2026-03-23,SNDK
2026-03-22 21:30:00+00:00,0.4698130774188902,long,2026-03-23,SNDK
2026-03-22 23:45:00+00:00,0.32101111303046714,long,2026-03-23,SNDK
2026-03-26 16:15:00+00:00,-2.828799999999987,long,2026-03-27,SNDK
2026-03-26 20:15:00+00:00,0.16422812779932627,long,2026-03-27,SNDK
2026-03-29 16:15:00+00:00,0.13035228116493602,long,2026-03-30,SNDK
2026-03-29 18:45:00+00:00,0.6574044941959567,long,2026-03-30,SNDK
2026-03-31 16:30:00+00:00,1.2489831076230917,short,2026-04-01,SNDK
2026-03-31 19:45:00+00:00,0.0015748279500460427,short,2026-04-01,SNDK
2026-03-31 22:00:00+00:00,-1.583134074108794,short,2026-04-01,SNDK
2026-03-31 22:30:00+00:00,-2.1653421085309876,short,2026-04-01,SNDK
2026-04-05 19:45:00+00:00,-0.1264277617926579,short,2026-04-06,SNDK
2026-04-05 21:30:00+00:00,0.015954515127780677,short,2026-04-06,SNDK
2026-04-07 18:45:00+00:00,2.4599022956206085,long,2026-04-08,SNDK
2026-04-07 22:45:00+00:00,-2.2876959058039104,short,2026-04-08,SNDK
2026-04-13 17:45:00+00:00,-2.990967602358152,short,2026-04-14,SNDK
2026-04-13 18:15:00+00:00,-4.0782700467380195,short,2026-04-14,SNDK
2026-04-15 16:30:00+00:00,2.100596099707075,long,2026-04-16,SNDK
2026-04-19 16:15:00+00:00,1.047677556662352,short,2026-04-20,SNDK
2026-04-23 17:30:00+00:00,-0.8906882591093179,long,2026-04-24,SNDK
2026-04-26 19:15:00+00:00,-0.2578130550846991,short,2026-04-27,SNDK
2026-04-26 20:30:00+00:00,0.32281241461662447,short,2026-04-27,SNDK
2026-04-26 21:45:00+00:00,0.5311668470947661,short,2026-04-27,SNDK
2026-04-27 20:00:00+00:00,0.24159078238247256,short,2026-04-28,SNDK
2026-04-30 20:00:00+00:00,0.7468553459119454,long,2026-05-01,SNDK
2026-04-30 21:00:00+00:00,-0.9399224806201589,long,2026-05-01,SNDK
2026-05-05 16:45:00+00:00,-0.9297003504255219,short,2026-05-06,SNDK
2026-05-05 21:30:00+00:00,-1.4218663721700775,short,2026-05-06,SNDK
2026-05-07 18:00:00+00:00,1.9191382841538207,long,2026-05-08,SNDK
2026-05-12 16:30:00+00:00,2.4970963995354367,long,2026-05-13,SNDK
2026-05-17 19:30:00+00:00,-0.4189745774747733,short,2026-05-18,SNDK
2026-05-17 21:15:00+00:00,1.109383832673827,short,2026-05-18,SNDK
2026-05-19 16:15:00+00:00,-1.6929191815103772,short,2026-05-20,SNDK
2026-05-26 17:30:00+00:00,0.4274828077566406,short,2026-05-27,SNDK
2026-05-26 18:15:00+00:00,1.8921417565485377,short,2026-05-27,SNDK
2026-05-31 19:15:00+00:00,-0.3188775510204023,short,2026-06-01,SNDK
2026-05-31 20:45:00+00:00,-0.16151361329026503,short,2026-06-01,SNDK
2026-05-31 22:30:00+00:00,0.8343402957592505,short,2026-06-01,SNDK
2026-06-02 23:00:00+00:00,0.9801061781693043,long,2026-06-03,SNDK
2026-06-03 16:00:00+00:00,-1.2579661956220622,short,2026-06-04,SNDK
2026-06-03 16:45:00+00:00,-0.5824919560634578,short,2026-06-04,SNDK
2026-06-03 17:30:00+00:00,-1.328449595451553,short,2026-06-04,SNDK
2026-06-03 19:30:00+00:00,3.679525222551927,short,2026-06-04,SNDK
2026-06-11 17:15:00+00:00,-4.530780362907727,short,2026-06-12,SNDK
2026-06-11 18:30:00+00:00,-1.914032593240722,short,2026-06-12,SNDK
2026-06-11 22:00:00+00:00,-1.7919832329054364,short,2026-06-12,SNDK
2026-06-11 23:30:00+00:00,0.4978252895247115,short,2026-06-12,SNDK
2026-06-14 21:15:00+00:00,0.19960079840318778,short,2026-06-15,SNDK
2026-06-21 18:00:00+00:00,-0.179303509483264,long,2026-06-22,SNDK
2026-06-21 19:30:00+00:00,-0.4112136003582956,long,2026-06-22,SNDK
2026-06-21 21:00:00+00:00,0.0235780615206016,long,2026-06-22,SNDK
2026-06-21 22:15:00+00:00,1.253173813709041,long,2026-06-22,SNDK
2026-06-21 23:30:00+00:00,2.9070640427710126,long,2026-06-22,SNDK
2026-06-23 17:00:00+00:00,-0.8187299602734455,long,2026-06-24,SNDK
2026-06-23 17:45:00+00:00,0.4025213775630032,long,2026-06-24,SNDK
2026-06-23 18:30:00+00:00,1.5524250249277616,long,2026-06-24,SNDK
2026-06-24 20:00:00+00:00,-3.2150382232862595,short,2026-06-25,SNDK
2026-06-25 20:00:00+00:00,2.858051521255167,short,2026-06-26,SNDK
2026-06-28 16:15:00+00:00,-0.1064156833069374,short,2026-06-29,SNDK
2026-06-28 21:15:00+00:00,-0.15709219524584483,short,2026-06-29,SNDK
2026-06-28 22:00:00+00:00,0.49164946519046904,short,2026-06-29,SNDK
2026-06-28 22:30:00+00:00,2.6038781163434943,short,2026-06-29,SNDK
2026-06-28 23:30:00+00:00,1.3900853996554052,short,2026-06-29,SNDK
2026-06-30 18:00:00+00:00,-0.10514169625632785,short,2026-07-01,SNDK
2026-07-05 22:15:00+00:00,-0.146564036180985,short,2026-07-06,SNDK
2026-07-05 23:45:00+00:00,0.24568825252195836,long,2026-07-06,SNDK
2026-07-06 16:45:00+00:00,-2.2922619857577042,long,2026-07-07,SNDK
2026-07-06 18:45:00+00:00,1.3508730190967544,long,2026-07-07,SNDK
2026-07-06 23:45:00+00:00,-0.5603333628867779,long,2026-07-07,SNDK
2026-07-08 19:45:00+00:00,0.8277982993138422,short,2026-07-09,SNDK
2026-07-08 22:15:00+00:00,-1.9961477849763654,short,2026-07-09,SNDK
2026-07-12 18:00:00+00:00,0.6418162011058381,long,2026-07-13,SNDK
2026-07-12 20:30:00+00:00,1.7102058044273227,short,2026-07-13,SNDK
2026-07-12 22:15:00+00:00,-1.5264936949173524,long,2026-07-13,SNDK
2026-07-12 23:00:00+00:00,-3.453685104268056,long,2026-07-13,SNDK
2026-07-16 18:30:00+00:00,-0.3736095182477639,long,2026-07-17,SNDK
2026-07-16 22:15:00+00:00,-2.531141655628666,long,2026-07-17,SNDK
2026-07-19 19:30:00+00:00,-0.38525804262645735,short,2026-07-20,SNDK
2026-07-19 23:15:00+00:00,2.0483500003604993,short,2026-07-20,SNDK
2026-07-20 16:00:00+00:00,1.489581184237665,short,2026-07-21,SNDK
2026-07-21 16:00:00+00:00,-0.7186376123474503,short,2026-07-22,SNDK
2026-07-21 19:45:00+00:00,-2.155053010652508,short,2026-07-22,SNDK
2026-07-23 16:15:00+00:00,1.3387190528725945,short,2026-07-24,SNDK
2026-07-26 22:00:00+00:00,-0.25644486435416614,short,2026-07-27,SNDK
2026-07-26 22:45:00+00:00,0.09855874708879497,short,2026-07-27,SNDK
2026-08-04 19:00:00+00:00,1.868527062628056,short,2026-08-05,SNDK
2026-08-05 19:45:00+00:00,-6.185376525280306,long,2026-08-06,SNDK
2026-03-04 16:45:00+00:00,1.1710074702200757,short,2026-03-05,MSTR
2026-03-05 16:00:00+00:00,0.1432254368376018,long,2026-03-06,MSTR
2026-03-08 18:45:00+00:00,0.8434289219445112,long,2026-03-09,MSTR
2026-03-08 22:00:00+00:00,0.7094386181369483,long,2026-03-09,MSTR
2026-03-08 23:45:00+00:00,0.5834305717619559,long,2026-03-09,MSTR
2026-03-15 21:30:00+00:00,-0.8215297450425041,short,2026-03-16,MSTR
2026-03-15 22:30:00+00:00,-0.2041965920292821,short,2026-03-16,MSTR
2026-03-19 17:00:00+00:00,3.7334523278298226,long,2026-03-20,MSTR
2026-03-22 20:45:00+00:00,0.4002416553390731,long,2026-03-23,MSTR
2026-03-29 17:15:00+00:00,0.150997377413975,long,2026-03-30,MSTR
2026-03-29 22:30:00+00:00,1.011885640860899,long,2026-03-30,MSTR
2026-03-30 17:00:00+00:00,-2.9550355402922945,long,2026-03-31,MSTR
2026-03-30 18:45:00+00:00,-0.8937276568085739,long,2026-03-31,MSTR
2026-04-05 19:15:00+00:00,-0.0,short,2026-04-06,MSTR
2026-04-05 20:30:00+00:00,-0.4275612563723108,short,2026-04-06,MSTR
2026-04-05 21:45:00+00:00,-2.6402368810659604,short,2026-04-06,MSTR
2026-04-05 22:30:00+00:00,-1.9895202226952513,short,2026-04-06,MSTR
2026-04-06 16:00:00+00:00,1.6393442622950727,short,2026-04-07,MSTR
2026-04-07 22:45:00+00:00,-0.10755992624462696,short,2026-04-08,MSTR
2026-04-07 23:15:00+00:00,1.3030303030303059,short,2026-04-08,MSTR
2026-04-12 22:15:00+00:00,0.12797952327627815,long,2026-04-13,MSTR
2026-04-12 23:00:00+00:00,0.49663569368791904,long,2026-04-13,MSTR
2026-04-13 22:00:00+00:00,-0.47990401919615344,short,2026-04-14,MSTR
2026-04-15 19:30:00+00:00,-0.25309336332957066,short,2026-04-16,MSTR
2026-04-16 19:30:00+00:00,-0.2708559046587178,short,2026-04-17,MSTR
2026-04-19 17:45:00+00:00,0.6993443646581277,long,2026-04-20,MSTR
2026-04-19 22:00:00+00:00,0.36007580543271356,long,2026-04-20,MSTR
2026-04-19 23:45:00+00:00,1.9216182048040542,long,2026-04-20,MSTR
2026-04-20 16:30:00+00:00,-2.5978733687771705,short,2026-04-21,MSTR
2026-04-20 17:00:00+00:00,-1.8784996086459227,short,2026-04-21,MSTR
2026-04-20 21:15:00+00:00,0.5731664522166224,short,2026-04-21,MSTR
2026-04-21 19:30:00+00:00,1.0803593105122689,long,2026-04-22,MSTR
2026-04-26 18:45:00+00:00,0.20162451754133226,short,2026-04-27,MSTR
2026-04-26 22:15:00+00:00,-0.2931202942697775,short,2026-04-27,MSTR
2026-04-27 16:30:00+00:00,1.28250801567511,long,2026-04-28,MSTR
2026-04-30 17:45:00+00:00,0.3552077062010883,short,2026-05-01,MSTR
2026-04-30 18:30:00+00:00,0.1320845341018284,short,2026-05-01,MSTR
2026-04-30 19:00:00+00:00,0.3182418638165041,short,2026-05-01,MSTR
2026-05-03 16:00:00+00:00,0.318489132256794,short,2026-05-04,MSTR
2026-05-03 20:30:00+00:00,-0.19505127061969496,short,2026-05-04,MSTR
2026-05-03 21:00:00+00:00,0.34482758620689724,short,2026-05-04,MSTR
2026-05-03 22:00:00+00:00,0.795107033639153,short,2026-05-04,MSTR
2026-05-03 22:30:00+00:00,0.8899271372156403,short,2026-05-04,MSTR
2026-05-03 23:45:00+00:00,2.328334648776642,long,2026-05-04,MSTR
2026-05-05 16:30:00+00:00,0.9976684921108259,long,2026-05-06,MSTR
2026-05-05 22:15:00+00:00,-0.716473419383068,long,2026-05-06,MSTR
2026-05-05 23:15:00+00:00,1.100420261004209,long,2026-05-06,MSTR
2026-05-10 16:45:00+00:00,0.2756110244409804,short,2026-05-11,MSTR
2026-05-10 17:45:00+00:00,0.22832234964453857,short,2026-05-11,MSTR
2026-05-10 22:45:00+00:00,1.83580329213886,short,2026-05-11,MSTR
2026-05-11 16:00:00+00:00,-0.989176031902228,short,2026-05-12,MSTR
2026-05-17 17:00:00+00:00,0.7469600463231085,long,2026-05-18,MSTR
2026-05-17 23:30:00+00:00,-0.6449721489299454,long,2026-05-18,MSTR
2026-05-24 21:45:00+00:00,1.8231768231768308,long,2026-05-25,MSTR
2026-05-27 22:45:00+00:00,0.215545395166572,long,2026-05-28,MSTR
2026-05-31 16:15:00+00:00,0.14461770623743764,long,2026-06-01,MSTR
2026-06-03 19:15:00+00:00,-0.35895435037066603,long,2026-06-04,MSTR
2026-06-03 22:15:00+00:00,-3.2588968673557983,long,2026-06-04,MSTR
2026-06-03 23:00:00+00:00,-2.113627334127932,long,2026-06-04,MSTR
2026-06-07 19:15:00+00:00,0.5320033250207912,long,2026-06-08,MSTR
2026-06-14 21:15:00+00:00,-2.724646732766023,short,2026-06-15,MSTR
2026-06-17 19:15:00+00:00,-1.1137162954279023,long,2026-06-18,MSTR
2026-06-21 18:00:00+00:00,0.18911716668099654,long,2026-06-22,MSTR
2026-06-21 20:15:00+00:00,-1.272461525234292,long,2026-06-22,MSTR
2026-06-21 23:00:00+00:00,-0.8098928851345444,long,2026-06-22,MSTR
2026-06-21 23:30:00+00:00,0.7543859649122853,long,2026-06-22,MSTR
2026-06-23 17:45:00+00:00,-0.782592097728585,long,2026-06-24,MSTR
2026-06-23 18:15:00+00:00,-0.42016806722688926,long,2026-06-24,MSTR
2026-06-24 16:30:00+00:00,0.0,long,2026-06-25,MSTR
2026-06-28 17:30:00+00:00,-0.5696279238880164,long,2026-06-29,MSTR
2026-06-28 22:30:00+00:00,-1.112333455567771,long,2026-06-29,MSTR
2026-06-29 16:45:00+00:00,-3.66234926306388,short,2026-06-30,MSTR
2026-07-02 23:45:00+00:00,-0.745098039215697,short,2026-07-03,MSTR
2026-07-12 22:15:00+00:00,0.30430220356769677,long,2026-07-13,MSTR
2026-07-12 23:15:00+00:00,-0.9662850540909429,long,2026-07-13,MSTR
2026-07-14 23:45:00+00:00,0.9608576919186818,short,2026-07-15,MSTR
2026-07-16 16:30:00+00:00,1.20199978725668,long,2026-07-17,MSTR
2026-07-16 17:00:00+00:00,1.3618470050005271,long,2026-07-17,MSTR
2026-07-16 17:30:00+00:00,0.7773400063890934,long,2026-07-17,MSTR
2026-07-16 23:15:00+00:00,0.5807700580769959,long,2026-07-17,MSTR
2026-07-19 17:15:00+00:00,-0.15792798483892367,long,2026-07-20,MSTR
2026-07-19 19:30:00+00:00,-0.021128248468194055,long,2026-07-20,MSTR
2026-07-19 20:45:00+00:00,0.898710086699106,long,2026-07-20,MSTR
2026-07-19 21:15:00+00:00,1.3014495820548033,long,2026-07-20,MSTR
2026-07-20 16:45:00+00:00,1.9145950280673674,short,2026-07-21,MSTR
2026-07-20 18:00:00+00:00,2.4278606965174143,short,2026-07-21,MSTR
2026-07-26 22:00:00+00:00,0.07407407407407085,short,2026-07-27,MSTR
2026-07-26 23:45:00+00:00,1.1483354403708401,short,2026-07-27,MSTR
2026-07-29 20:00:00+00:00,1.767241379310347,long,2026-07-30,MSTR
2026-07-30 16:15:00+00:00,0.05151452709664106,short,2026-07-31,MSTR
2026-07-30 16:45:00+00:00,0.5040633679662565,short,2026-07-31,MSTR
2026-07-30 17:30:00+00:00,-0.5238828967642606,short,2026-07-31,MSTR
2026-07-30 19:30:00+00:00,0.7766196607398412,short,2026-07-31,MSTR
2026-08-04 17:15:00+00:00,-0.6505576208178487,short,2026-08-05,MSTR
2026-08-04 18:45:00+00:00,-0.31755787748413145,short,2026-08-05,MSTR
2026-08-04 20:30:00+00:00,0.28565598857376306,short,2026-08-05,MSTR
2026-08-04 21:15:00+00:00,0.07155269344780724,short,2026-08-05,MSTR
2026-08-04 22:00:00+00:00,0.6950833077787877,short,2026-08-05,MSTR
2026-08-06 18:30:00+00:00,0.990099009900991,long,2026-08-07,MSTR
