symbol,entry_ts,exit_ts,side,entry_px,exit_px,qty,bars_held,entry_z,reason,gross,cost,pnl,ret_pct,equity
SNDK,2026-03-09 00:15:00+00:00,2026-03-09 02:15:00+00:00,long,496.04,485.424329,3.24,8,-4.210057968638129,time_stop,-34.394774040000065,1.1078213329800002,-35.50259537298007,-0.35502595372980067,9964.49740462702
COIN,2026-03-10 02:45:00+00:00,2026-03-10 04:45:00+00:00,short,203.37,202.48072599999998,6.39,8,2.7506714950105837,time_stop,5.682460860000184,0.9068327795699999,4.775628080430184,0.04792643207687141,9969.27303270745
MSTR,2026-03-10 02:45:00+00:00,2026-03-10 04:45:00+00:00,short,141.60999999999999,141.002288,10.59,8,3.359763318136031,time_stop,6.435670079999918,1.04653709496,5.389132985039918,0.054057431944727674,9974.662165692489
MSTR,2026-03-12 02:45:00+00:00,2026-03-12 04:45:00+00:00,long,135.95000000000002,135.719272,15.3,8,-2.5425829800765447,time_stop,-3.530138400000422,1.4542594308,-4.984397830800422,-0.0499705929684926,9969.677767861689
INTC,2026-03-12 03:45:00+00:00,2026-03-12 05:45:00+00:00,long,46.88,47.125858,43.72,8,-3.258589087177949,time_stop,10.748911759999928,1.4400899758799999,9.308821784119928,0.09337134058763563,9978.986589645809
MSTR,2026-03-13 00:30:00+00:00,2026-03-13 02:30:00+00:00,short,139.51,139.001688,8.99,8,2.6950172774962726,time_stop,4.569724879999905,0.8756515675600001,3.6940733124399046,0.03701852166304014,9982.680662958248
MU,2026-03-16 00:15:00+00:00,2026-03-16 02:15:00+00:00,short,435.11,435.01046399999996,4.92,8,3.9438940069910005,time_stop,0.48971712000028217,1.49827398144,-1.0085568614397178,-0.010103066455707339,9981.672106096808
INTC,2026-03-16 00:15:00+00:00,2026-03-16 02:15:00+00:00,short,46.58,46.213860000000004,71.98,8,5.131520212847734,time_stop,26.354757199999597,2.3338025014,24.020954698599596,0.24065060886870435,10005.693060795407
SNDK,2026-03-16 00:15:00+00:00,2026-03-16 02:15:00+00:00,short,683.2,676.6429320000001,2.59,8,5.5207246365499865,time_stop,16.982806119999893,1.2301501969400002,15.752655923059892,0.15743692942953047,10021.445716718466
COIN,2026-03-16 03:45:00+00:00,2026-03-16 05:45:00+00:00,short,201.95999999999998,202.86084,9.57,8,3.808406560185625,time_stop,-8.621038800000159,1.3572405594,-9.978279359400158,-0.09956926017923448,10011.467437359066
MSTR,2026-03-16 03:45:00+00:00,2026-03-16 05:45:00+00:00,short,144.13,145.253563,13.04,8,3.2819679812098905,time_stop,-14.65126152000024,1.32294427076,-15.97420579076024,-0.15955908452691417,9995.493231568305
COIN,2026-03-17 00:15:00+00:00,2026-03-17 02:15:00+00:00,short,207.29,205.26155999999997,8.13,8,3.094639377356039,time_stop,16.491217200000143,1.1714417814000002,15.319775418600143,0.15326682799620536,10010.813006986906
COIN,2026-03-23 00:30:00+00:00,2026-03-23 02:30:00+00:00,long,192.22,193.311989,16.77,8,-3.034226137960352,time_stop,18.312655530000207,2.265626907765,16.047028622235207,0.16029695701073837,10026.860035609141
MSTR,2026-03-23 00:45:00+00:00,2026-03-23 02:45:00+00:00,long,131.29000000000002,132.41026499999998,17.61,8,-2.6330066381012,time_stop,19.72786664999931,1.6282757633249998,18.09959088667431,0.18051105552880836,10044.959626495815
SNDK,2026-03-23 01:00:00+00:00,2026-03-23 03:00:00+00:00,long,686.49,690.062919,2.31,8,-3.9698744348232453,time_stop,8.2534428899999,1.114181051445,7.1392618385549,0.07107307648826691,10052.098888334369
MU,2026-03-23 03:15:00+00:00,2026-03-23 05:15:00+00:00,long,411.31,412.22629500000005,4.31,8,-2.576335401545296,time_stop,3.9492314500002057,1.242896885725,2.7063345642752057,0.0269230793920656,10054.805222898643
SNDK,2026-03-23 04:00:00+00:00,2026-03-23 06:00:00+00:00,long,688.54,691.312544,2.71,8,-2.574225650831203,time_stop,7.5135942400001055,1.30991717712,6.2036770628801055,0.061698629912312536,10061.008899961524
MU,2026-03-26 02:30:00+00:00,2026-03-26 04:30:00+00:00,long,376.07,378.78632999999996,7.66,8,-2.974151527232163,time_stop,20.807087799999778,2.0268908838999997,18.78019691609978,0.186663157769114,10079.789096877623
SNDK,2026-03-26 02:30:00+00:00,2026-03-26 04:30:00+00:00,long,660.13,667.119804,2.44,8,-2.8764273371542006,time_stop,17.05512176000012,1.1360296008800002,15.919092159120119,0.15793080595358205,10095.708189036743
COIN,2026-03-30 00:15:00+00:00,2026-03-30 02:15:00+00:00,long,158.69,161.44155300000003,16.24,8,-3.2883185708261227,time_stop,44.68522072000048,1.8263305303600001,42.858890189640476,0.4245258419432362,10138.567079226383
MU,2026-03-30 00:45:00+00:00,2026-03-30 02:45:00+00:00,long,351.46000000000004,353.403947,11.99,8,-3.3929931014783925,time_stop,23.307924529999763,2.9614577422650004,20.346466787734762,0.200683850377871,10158.913546014117
SNDK,2026-03-30 03:15:00+00:00,2026-03-30 05:15:00+00:00,short,618.08,621.3863600000001,2.85,8,2.8397297534024535,time_stop,-9.423126000000115,1.2377811630000002,-10.660907163000115,-0.10494141046394627,10148.252638851116
MSTR,2026-03-30 03:30:00+00:00,2026-03-30 05:30:00+00:00,short,128.42999999999998,128.688595,11.43,8,2.621761963017581,time_stop,-2.9557408500001587,1.029046300425,-3.9847871504251584,-0.03926574645146277,10144.267851700692
MU,2026-03-30 04:30:00+00:00,2026-03-30 06:30:00+00:00,short,358.63,357.75729499999994,5.41,8,2.7369797669106717,time_stop,4.721334050000287,1.3557711429750001,3.365562907025287,0.03317699173786158,10147.633414607717
SNDK,2026-04-01 00:15:00+00:00,2026-04-01 02:15:00+00:00,short,650.01,646.9140160000001,1.47,8,2.770403256262855,time_stop,4.551096479999898,0.66658474176,3.884511738239898,0.038279977010679825,10151.517926345958
MU,2026-04-02 01:30:00+00:00,2026-04-02 03:30:00+00:00,long,358.1,352.81412400000005,2.17,8,-2.63066518179673,time_stop,-11.470350919999943,0.5382187245400001,-12.008569644539943,-0.1182933402833721,10139.509356701417
COIN,2026-04-02 01:30:00+00:00,2026-04-02 03:30:00+00:00,long,170.10000000000002,167.64969,9.56,8,-3.4246173009967373,time_stop,-23.42496360000029,1.1265967182,-24.551560318200288,-0.24213755769132597,10114.957796383216
MSTR,2026-04-02 01:45:00+00:00,2026-04-02 03:45:00+00:00,long,120.19,119.76406,9.59,8,-2.606962501164195,time_stop,-4.084764599999972,0.8047930877,-4.8895576876999725,-0.04833987235664316,10110.068238695516
COIN,2026-04-02 03:45:00+00:00,2026-04-02 05:45:00+00:00,long,167.69,167.369774,6.11,8,-2.694362859461069,time_stop,-1.9565808599999452,0.71623183957,-2.6728126995699455,-0.026437138073311495,10107.395425995946
MU,2026-04-06 00:15:00+00:00,2026-04-06 02:15:00+00:00,short,379.89,376.88303099999996,3.2,8,5.714228786755219,time_stop,9.622300800000085,0.8461424496,8.776158350400085,0.08682907891214035,10116.171584346346
MU,2026-04-07 00:30:00+00:00,2026-04-07 02:30:00+00:00,short,383.23,376.07278799999995,6.75,8,2.566668471045485,time_stop,48.31118100000049,1.7866061595,46.524574840500485,0.4599029825916763,10162.696159186848
SNDK,2026-04-07 02:00:00+00:00,2026-04-07 04:00:00+00:00,long,718.07,716.2750530000001,3.63,8,-2.784308174382263,time_stop,-6.515657609999924,1.8213580411950003,-8.337015651194925,-0.08203547090855856,10154.359143535652
SNDK,2026-04-08 00:15:00+00:00,2026-04-08 02:15:00+00:00,short,758.52,758.857589,0.6,8,2.614597663686188,time_stop,-0.20255339999998795,0.31867967669999997,-0.521233076699988,-0.005133096725575333,10153.837910458951
SNDK,2026-04-09 01:30:00+00:00,2026-04-09 03:30:00+00:00,long,758.89,770.56876,1.52,8,-2.599128085902457,time_stop,17.751715200000017,0.8163348175999999,16.935380382400016,0.1667879725059994,10170.77329084135
SNDK,2026-04-10 01:00:00+00:00,2026-04-10 03:00:00+00:00,short,872.41,868.8205679999999,1.95,8,4.495847600807026,time_stop,6.999392400000198,1.1873399537999998,5.812052446200198,0.05714464652784932,10176.585343287552
SNDK,2026-04-13 00:15:00+00:00,2026-04-13 02:15:00+00:00,short,854.77,861.5483869999999,1.27,8,2.860121116658716,time_stop,-8.60855148999994,0.764194805745,-9.372746295744939,-0.09210109265115314,10167.212596991807
MU,2026-04-14 00:15:00+00:00,2026-04-14 02:15:00+00:00,short,433.71999999999997,432.1296,2.65,8,2.5967495402346135,time_stop,4.2145599999999686,0.80244332,3.4121166799999685,0.033560001302712195,10170.624713671807
SNDK,2026-04-16 02:45:00+00:00,2026-04-16 04:45:00+00:00,short,914.62,902.600699,1.32,8,2.7059279641460403,time_stop,15.865477320000055,0.83717614134,15.028301178660055,0.14776182979653493,10185.653014850466
ORCL,2026-04-20 01:00:00+00:00,2026-04-20 03:00:00+00:00,short,175.82999999999998,175.34258699999998,12.37,8,3.3765132616724363,time_stop,6.029298810000045,1.519497320595,4.509801489405045,0.044276017284604625,10190.162816339871
COIN,2026-04-23 00:15:00+00:00,2026-04-23 02:15:00+00:00,long,203.95000000000002,203.90880900000002,18.99,8,-2.54544236939937,time_stop,-0.7822170899999573,2.7107162414550006,-3.492933331454958,-0.034277502670065865,10186.669883008415
COIN,2026-04-23 02:45:00+00:00,2026-04-23 04:45:00+00:00,long,203.49,202.599202,20.09,8,-2.895363981516467,time_stop,-17.89613182000036,2.85273180409,-20.748863624090358,-0.20368642414436058,10165.921019384325
MSTR,2026-04-23 02:45:00+00:00,2026-04-23 04:45:00+00:00,long,175.37,176.80694200000002,10.41,8,-2.9562562936340666,time_stop,14.958566220000169,1.2854004731100002,13.673165746890168,0.13450001943570336,10179.594185131215
MSTR,2026-04-27 00:15:00+00:00,2026-04-27 01:00:00+00:00,short,174.17,177.49284528931423,23.35,3,2.5048832949921023,stop,-77.58843750548762,2.885602868752744,-80.47404037424036,-0.7905427162487917,10099.120144756975
INTC,2026-04-27 00:15:00+00:00,2026-04-27 02:15:00+00:00,short,84.91000000000001,85.935773,23.2,8,4.199906862766567,time_stop,-23.79793359999969,1.3908373668,-25.18877096679969,-0.24941549962524812,10073.931373790176
SNDK,2026-04-27 00:15:00+00:00,2026-04-27 02:15:00+00:00,short,1003.48,1012.4736509999999,2.75,8,5.260742991864566,time_stop,-24.732540249999687,1.9440652701249999,-26.67660552012469,-0.26480829112585064,10047.254768270051
COIN,2026-04-28 02:45:00+00:00,2026-04-28 04:45:00+00:00,long,195.4,196.46104400000002,14.24,8,-2.637335516374336,time_stop,15.109266560000137,1.9553018332800003,13.153964726720137,0.1309209831949449,10060.408732996772
AMD,2026-04-29 00:30:00+00:00,2026-04-29 02:30:00+00:00,short,328.82,326.587947,5.89,8,2.513319358797483,time_stop,13.146792170000044,1.349151463915,11.797640706085044,0.11726800589513216,10072.206373702857
MSTR,2026-04-29 03:30:00+00:00,2026-04-29 05:30:00+00:00,short,167.42999999999998,168.730604,17.12,8,3.184411437912655,time_stop,-22.266340480000363,2.01761429024,-24.283954770240364,-0.2410986616958368,10047.922418932616
AMD,2026-04-29 03:45:00+00:00,2026-04-29 05:45:00+00:00,short,328.13,330.439102,10.73,8,2.526249665825444,time_stop,-24.776664459999957,2.47697276223,-27.253637222229955,-0.27123654110702305,10020.668781710387
MSTR,2026-05-01 03:30:00+00:00,2026-05-01 05:30:00+00:00,short,168.01999999999998,168.140427,15.16,8,3.1090699318610238,time_stop,-1.8256733200000985,1.78394107666,-3.609614396660098,-0.03602169151871706,10017.059167313726
MU,2026-05-04 00:15:00+00:00,2026-05-04 02:15:00+00:00,short,553.85,559.36776,3.72,8,2.636269885564403,time_stop,-20.526067199999826,1.4524884336000001,-21.978555633599825,-0.21941125899822164,9995.080611680127
AMD,2026-05-04 00:30:00+00:00,2026-05-04 02:30:00+00:00,long,364.25,365.310374,7.8,8,-2.5864983213119634,time_stop,8.27091720000019,1.9929404586000001,6.27797674140019,0.06281066641987684,10001.358588421526
MSTR,2026-05-04 02:00:00+00:00,2026-05-04 04:00:00+00:00,short,181.51999999999998,186.0558,12.4,8,3.565033930952218,time_stop,-56.24392000000029,1.6037155600000002,-57.847635560000285,-0.5783977751479676,9943.510952861527
SNDK,2026-05-04 02:30:00+00:00,2026-05-04 04:30:00+00:00,short,1228.41,1240.27197,1.09,8,2.6486995990407385,time_stop,-12.929547299999923,0.9437416036500001,-13.873288903649923,-0.13952103004077743,9929.637663957878
MSTR,2026-05-05 01:30:00+00:00,2026-05-05 03:30:00+00:00,short,186.39,188.206445,12.88,8,2.616889422791973,time_stop,-23.395811600000204,1.6921901458000002,-25.088001745800206,-0.25265777659605276,9904.549662212077
INTC,2026-05-05 03:00:00+00:00,2026-05-05 05:00:00+00:00,short,99.0,98.619577,9.75,8,2.8392819869086905,time_stop,3.7091242499999346,0.673820437875,3.0353038121249347,0.03064555094014271,9907.584966024202
SNDK,2026-05-06 04:45:00+00:00,2026-05-06 06:45:00+00:00,short,1503.91,1495.5485299999998,0.68,8,2.714064291466167,time_stop,5.685799600000192,0.7130182602,4.972781339800192,0.05019165979250452,9912.557747364002
SNDK,2026-05-11 00:15:00+00:00,2026-05-11 02:15:00+00:00,short,1619.81,1608.18231,0.55,8,3.174096425786396,time_stop,6.395229500000017,0.62042923525,5.7748002647500165,0.05825741863935856,9918.332547628752
MU,2026-05-11 00:30:00+00:00,2026-05-11 02:30:00+00:00,short,806.5,791.73745,1.09,8,4.190953420580176,time_stop,16.091179500000038,0.6073139102499999,15.483865589750039,0.15611359586296467,9933.816413218501
INTC,2026-05-11 00:45:00+00:00,2026-05-11 02:45:00+00:00,short,129.79999999999998,126.768019,11.36,8,2.8764310829134208,time_stop,34.443304159999855,1.0149479479199999,33.428356212079855,0.33651071070327193,9967.244769430581
SNDK,2026-05-12 00:30:00+00:00,2026-05-12 01:30:00+00:00,long,1527.79,1458.8514622207783,1.09,4,-2.7941299503032053,stop,-75.14300617935159,1.1281322669103242,-76.27113844626192,-0.7652178732500337,9890.97363098432
MU,2026-05-12 01:30:00+00:00,2026-05-12 03:30:00+00:00,long,770.94,781.0956010000001,0.92,8,-2.606633496134365,time_stop,9.343152920000044,0.50115693646,8.841995983540045,0.08939459666378785,9899.815626967858
AMD,2026-05-12 01:30:00+00:00,2026-05-12 03:30:00+00:00,long,452.06,451.78442400000006,3.4,8,-2.820609262826713,time_stop,-0.9369583999998099,1.0754343208000001,-2.0123927207998102,-0.020327577771427355,9897.803234247058
INTC,2026-05-12 01:45:00+00:00,2026-05-12 03:45:00+00:00,long,124.49,125.13244900000001,6.88,8,-2.953567858679896,time_stop,4.420049120000092,0.60175386456,3.818295255440092,0.038577199051892004,9901.621529502498
MU,2026-05-13 04:15:00+00:00,2026-05-13 06:15:00+00:00,short,788.52,795.748653,1.34,8,2.5698283310454104,time_stop,-9.686395020000012,0.7444749575100001,-10.430869977510012,-0.10534506844591651,9891.190659524987
INTC,2026-05-13 04:15:00+00:00,2026-05-13 06:15:00+00:00,short,123.22,123.877152,9.64,8,2.778085886202482,time_stop,-6.334945279999966,0.83465603264,-7.169601312639966,-0.07248471452459372,9884.021058212347
AMD,2026-05-13 04:30:00+00:00,2026-05-13 06:30:00+00:00,short,455.92,454.34626299999996,4.32,8,2.858527966264075,time_stop,6.798543840000221,1.37530280808,5.423241031920221,0.0548687725368028,9889.444299244267
INTC,2026-05-14 02:00:00+00:00,2026-05-14 04:00:00+00:00,long,119.25999999999999,118.074567,24.29,8,-3.3155291367743494,time_stop,-28.794167569999733,2.0133806962149996,-30.80754826621473,-0.31151950841736364,9858.636750978052
SNDK,2026-05-14 04:00:00+00:00,2026-05-14 06:00:00+00:00,long,1416.19,1430.4707300000002,0.86,8,-2.6075972696554217,time_stop,12.28142780000015,0.8586870939000001,11.42274070610015,0.11586531682452876,9870.059491684153
MSTR,2026-05-14 04:00:00+00:00,2026-05-14 06:00:00+00:00,long,176.62,179.706072,13.83,8,-3.06296186544147,time_stop,42.68037576000002,1.7311984078800002,40.94917735212002,0.41488278147280705,9911.008669036273
INTC,2026-05-15 01:15:00+00:00,2026-05-15 03:15:00+00:00,long,113.47,111.246616,15.78,8,-3.0051546996096876,time_stop,-35.08499951999993,1.2358471202399999,-36.320846640239935,-0.36646972929922483,9874.687822396034
SNDK,2026-05-15 01:30:00+00:00,2026-05-15 03:30:00+00:00,long,1360.49,1344.39656,1.32,8,-3.3189550213310035,time_stop,-21.243340800000134,1.2464710896,-22.489811889600134,-0.22775213043791306,9852.198010506434
MU,2026-05-15 01:45:00+00:00,2026-05-15 03:45:00+00:00,long,773.25,760.681727,2.49,8,-2.878940162463942,time_stop,-31.294999769999944,1.332127250115,-32.62712702011494,-0.33116596910984947,9819.57088348632
INTC,2026-05-15 03:30:00+00:00,2026-05-15 05:30:00+00:00,long,111.27,109.24721600000001,9.43,8,-2.7837908458501635,time_stop,-19.07485311999988,0.72495584344,-19.79980896343988,-0.201636193662367,9799.77107452288
SNDK,2026-05-15 04:15:00+00:00,2026-05-15 06:15:00+00:00,long,1339.39,1319.90391,0.96,8,-2.6886165902005947,time_stop,-18.7066464000001,0.8907167568000001,-19.5973631568001,-0.19997776486584137,9780.17371136608
MU,2026-05-15 04:30:00+00:00,2026-05-15 06:30:00+00:00,long,754.55,763.061013,1.23,8,-2.6364062350670685,time_stop,10.46854599000006,0.654901822995,9.813644167005059,0.10034222761912788,9789.987355533085
MU,2026-05-18 00:15:00+00:00,2026-05-18 02:15:00+00:00,long,710.52,740.637742,1.64,8,-3.5153536017213716,time_stop,49.39309688000003,0.84037350844,48.55272337156003,0.4959426565971926,9838.540078904645
AMD,2026-05-18 00:15:00+00:00,2026-05-18 02:15:00+00:00,long,417.34000000000003,421.413538,7.33,8,-3.5079213038690207,time_stop,29.859033539999892,2.1563010567700003,27.70273248322989,0.28157361011954246,9866.242811387876
INTC,2026-05-18 00:15:00+00:00,2026-05-18 02:15:00+00:00,long,105.6,107.577717,17.52,8,-4.539442989495228,time_stop,34.64960184000022,1.3124032009200002,33.33719863908022,0.3378915284813541,9899.580010026955
MU,2026-05-21 01:00:00+00:00,2026-05-21 03:00:00+00:00,short,741.99,754.4262600000001,2.28,8,3.3784079246955407,time_stop,-28.354672800000138,1.1983933763999999,-29.553066176400137,-0.2985284845060782,9870.026943850555
SNDK,2026-05-21 01:15:00+00:00,2026-05-21 03:15:00+00:00,short,1419.01,1427.22804,1.29,8,2.915307572986815,time_stop,-10.601271599999967,1.2866666657999999,-11.887938265799967,-0.12044484106709208,9858.139005584755
MU,2026-05-21 03:15:00+00:00,2026-05-21 05:15:00+00:00,short,754.21,754.166182,1.19,8,2.5154785385880185,time_stop,0.0521434199999851,0.62823085829,-0.576087438290015,-0.005843774752655187,9857.562918146465
AMD,2026-05-22 04:15:00+00:00,2026-05-22 06:15:00+00:00,short,455.59999999999997,455.33655999999996,6.77,8,2.6059727042352043,time_stop,1.7834888000000186,2.1581966556,-0.3747078555999812,-0.0038012220536801622,9857.188210290864
INTC,2026-05-22 04:15:00+00:00,2026-05-22 06:15:00+00:00,short,119.78,119.625877,31.15,8,2.670524052906349,time_stop,4.800931449999951,2.6094024342749997,2.1915290157249516,0.022232800763984647,9859.379739306589
INTC,2026-05-25 04:45:00+00:00,2026-05-25 06:45:00+00:00,short,123.33,123.23696,24.15,8,2.5843672695242663,time_stop,2.2469160000000485,2.083770192,0.16314580800004874,0.0016547268927033212,9859.542885114588
INTC,2026-05-26 00:15:00+00:00,2026-05-26 01:30:00+00:00,long,122.94,120.9262427491366,37.39,5,-2.654909558763393,stop,-75.29438360978224,3.180061428195109,-78.47444503797735,-0.7959237659633682,9781.068440076611
MU,2026-05-26 00:15:00+00:00,2026-05-26 02:15:00+00:00,long,786.47,782.8450760000001,3.75,8,-2.63585351798109,time_stop,-13.593464999999867,2.0576870175,-15.651152017499868,-0.1600147480143517,9765.417288059112
SNDK,2026-05-26 00:15:00+00:00,2026-05-26 02:15:00+00:00,long,1525.79,1512.44613,2.31,8,-3.1123946498642288,time_stop,-30.824339699999825,2.45179026015,-33.276129960149824,-0.3407548185456342,9732.141158098962
MSTR,2026-05-28 01:30:00+00:00,2026-05-28 03:15:00+00:00,long,152.53,150.204925,17.53,7,-2.7853006182701723,z_stop,-40.75856474999997,1.8513163476250003,-42.60988109762497,-0.4378263776226219,9689.531277001337
SNDK,2026-05-28 03:30:00+00:00,2026-05-28 05:30:00+00:00,long,1526.09,1547.93548,0.69,8,-3.132666668898813,time_stop,15.073381200000123,0.7446381606,14.328743039400123,0.14787859835294845,9703.860020040736
INTC,2026-06-01 00:15:00+00:00,2026-06-01 02:15:00+00:00,long,112.61,112.41626500000001,12.94,8,-5.043085749206354,time_stop,-2.506930899999865,1.0187679145500002,-3.525698814549865,-0.03633295211666774,9700.334321226186
MU,2026-06-01 01:00:00+00:00,2026-06-01 03:00:00+00:00,short,1009.48,1009.00261,1.68,8,3.089766876776538,time_stop,0.8020152000000235,1.1867474724,-0.38473227239997654,-0.003966175387977183,9699.949588953787
SNDK,2026-06-02 00:15:00+00:00,2026-06-02 02:15:00+00:00,long,1739.29,1721.08352,1.22,8,-2.976583983566125,time_stop,-22.21190560000007,1.4742477071999998,-23.68615330720007,-0.2441884165477895,9676.263435646586
INTC,2026-06-02 02:00:00+00:00,2026-06-02 04:00:00+00:00,long,107.49,111.146646,18.3,8,-2.753383869697622,time_stop,66.91662180000017,1.4104052109,65.50621658910018,0.6769784330982606,9741.769652235685
MSTR,2026-06-02 02:00:00+00:00,2026-06-02 04:00:00+00:00,long,147.04000000000002,148.275504,11.05,8,-3.150671058610143,time_stop,13.652319199999909,1.1441805596,12.508138640399908,0.12839698624499252,9754.277790876085
PLTR,2026-06-03 02:30:00+00:00,2026-06-03 04:30:00+00:00,long,149.34,149.65509,14.06,8,-2.686734734000878,time_stop,4.430165399999971,1.4720193627,2.9581460372999704,0.030326653604913205,9757.235936913385
MSTR,2026-06-03 03:30:00+00:00,2026-06-03 05:30:00+00:00,long,133.91,136.888921,13.23,8,-2.7037430093327486,time_stop,39.41112483000018,1.2598460724150002,38.15127875758518,0.39100498342211865,9795.38721567097
PLTR,2026-06-05 01:15:00+00:00,2026-06-05 03:15:00+00:00,long,139.51000000000002,140.497838,15.7,8,-3.0068838590191524,time_stop,15.50905659999972,1.5409694283000002,13.96808717169972,0.14259862182225053,9809.355302842669
AMD,2026-06-08 00:15:00+00:00,2026-06-08 02:15:00+00:00,short,474.01,473.622044,2.7,8,2.6564199371967576,time_stop,1.0474811999999305,0.8953551594,0.1521260405999305,0.0015508260828909488,9809.50742888327
ORCL,2026-06-08 00:15:00+00:00,2026-06-08 02:15:00+00:00,short,218.42999999999998,215.974773,6.06,8,3.349382247080403,time_stop,14.878675619999875,0.91914072219,13.959534897809874,0.14230617591161815,9823.466963781078
PLTR,2026-06-08 00:15:00+00:00,2026-06-08 02:15:00+00:00,short,135.81,135.880752,33.93,8,3.286529585892759,time_stop,-2.40061535999996,3.22682361768,-5.62743897767996,-0.05728567112230551,9817.839524803398
MU,2026-06-08 01:30:00+00:00,2026-06-08 03:30:00+00:00,long,874.21,905.7282,1.08,8,-3.132669028143239,time_stop,34.03965599999998,0.677922588,33.36173341199998,0.3398072796740691,9851.201258215398
SNDK,2026-06-08 02:45:00+00:00,2026-06-08 04:45:00+00:00,short,1624.71,1574.07208,0.65,8,2.8321982890998174,time_stop,32.91464800000008,0.7227857259999999,32.19186227400008,0.32678108415614504,9883.393120489398
MU,2026-06-09 03:45:00+00:00,2026-06-09 05:45:00+00:00,short,967.2,993.818056,1.94,8,3.8497175222801943,time_stop,-51.63902863999982,1.33927711432,-52.97830575431982,-0.5360335778255119,9830.414814735079
INTC,2026-06-09 03:45:00+00:00,2026-06-09 05:45:00+00:00,short,113.16000000000001,113.073912,8.6,8,2.77604011963526,time_stop,0.7403568000000319,0.6808530216,0.05950377840003185,0.0006053028231406878,9830.47431851348
SNDK,2026-06-09 03:45:00+00:00,2026-06-09 05:45:00+00:00,short,1670.01,1688.7064599999999,1.3,8,3.3032867906591354,time_stop,-24.305397999999855,1.531861799,-25.837259798999856,-0.2628282111509229,9804.63705871448
INTC,2026-06-10 04:30:00+00:00,2026-06-10 06:30:00+00:00,long,103.86999999999999,107.327792,8.71,8,-2.8249951703613654,time_stop,30.117368320000107,0.6483540741600001,29.469014245840107,0.3005620102954009,9834.10607296032
COIN,2026-06-10 04:45:00+00:00,2026-06-10 06:45:00+00:00,long,153.3,154.363677,16.89,8,-2.836021076601974,time_stop,17.965504529999734,1.8214486522650002,16.144055877734733,0.16416393882636812,9850.250128838054
SNDK,2026-06-10 04:45:00+00:00,2026-06-10 06:45:00+00:00,long,1589.59,1621.0135500000001,0.65,8,-2.843784645239016,time_stop,20.425307500000134,0.73347610375,19.691831396250134,0.19991199348937755,9869.941960234304
MU,2026-06-11 01:15:00+00:00,2026-06-11 03:15:00+00:00,short,921.41,903.410942,0.74,8,2.5471444049818266,time_stop,13.319302919999993,0.47063072854,12.848672191459993,0.130179815071121,9882.790632425764
INTC,2026-06-11 01:15:00+00:00,2026-06-11 03:15:00+00:00,short,108.39,107.23216,12.4,8,2.9133317634304388,time_stop,14.357216000000092,0.933646592,13.423569408000091,0.1358277222220707,9896.214201833764
SNDK,2026-06-11 01:15:00+00:00,2026-06-11 03:15:00+00:00,short,1711.01,1665.99965,0.34,8,2.6242426101057563,time_stop,15.303519000000007,0.3995686205,14.903950379500007,0.1506025443218308,9911.118152213263
MU,2026-06-12 00:30:00+00:00,2026-06-12 02:30:00+00:00,short,1015.22,997.2991,0.61,8,2.586337566551553,time_stop,10.931749000000044,0.4280330655,10.503715934500045,0.10597912135831464,9921.621868147762
AMD,2026-06-15 00:15:00+00:00,2026-06-15 02:15:00+00:00,short,533.64,537.031061,2.56,8,3.821375891133606,time_stop,-8.681116160000093,0.9606234380800001,-9.641739598080093,-0.09717906735625352,9911.980128549681
INTC,2026-06-16 01:00:00+00:00,2026-06-16 03:00:00+00:00,long,124.08999999999999,125.122452,14.59,8,-4.169165372268294,time_stop,15.063474680000093,1.27486290734,13.788611772660094,0.13911056715039682,9925.76874032234
SNDK,2026-06-16 01:00:00+00:00,2026-06-16 03:00:00+00:00,long,2070.79,2082.77498,0.99,8,-2.8563860641978467,time_stop,11.865130200000175,1.4409900351000002,10.424140164900175,0.10502098565477609,9936.19288048724
COIN,2026-06-16 02:30:00+00:00,2026-06-16 04:30:00+00:00,long,167.37,168.289498,19.35,8,-4.177838331019624,time_stop,17.792286300000086,2.2759227931500003,15.516363506850086,0.156160047348932,9951.70924399409
MU,2026-06-18 04:00:00+00:00,2026-06-18 06:00:00+00:00,short,1086.01,1088.786538,2.15,8,2.580753671621187,time_stop,-5.969556700000157,1.6374298283500002,-7.606986528350157,-0.07643899496904027,9944.10225746574
INTC,2026-06-18 04:45:00+00:00,2026-06-18 06:45:00+00:00,short,127.44000000000001,129.658886,12.02,8,4.048613583607469,time_stop,-26.6710097199998,1.08561566486,-27.756625384859802,-0.2791265080165577,9916.34563208088
INTC,2026-06-19 01:45:00+00:00,2026-06-19 03:45:00+00:00,short,136.57,133.259966,11.28,8,2.6701511435710876,time_stop,37.33718352000002,1.0596881282400001,36.27749539176002,0.3658353262153028,9952.62312747264
INTC,2026-06-22 00:45:00+00:00,2026-06-22 02:45:00+00:00,short,143.0,141.252363,5.94,8,3.6966786289864433,time_stop,10.380963779999986,0.58940351811,9.791560261889986,0.09838170436557508,9962.41468773453
MU,2026-06-22 01:30:00+00:00,2026-06-22 03:30:00+00:00,short,1170.51,1165.579569,1.16,8,3.3672071756516537,time_stop,5.719299959999998,0.94759447002,4.771705489979998,0.047897077561475127,9967.18639322451
INTC,2026-06-23 03:15:00+00:00,2026-06-23 05:15:00+00:00,long,135.54000000000002,132.850133,6.61,8,-2.5641531337894463,time_stop,-17.78002087000014,0.6182535695650001,-18.39827443956514,-0.1845884456627791,9948.788118784945
MSTR,2026-06-23 05:00:00+00:00,2026-06-23 07:00:00+00:00,long,107.97,106.89792100000001,15.96,8,-3.040900313351995,time_stop,-17.11038083999981,1.1976856495800001,-18.308066489579808,-0.1840230817159647,9930.480052295365
INTC,2026-06-24 00:45:00+00:00,2026-06-24 02:45:00+00:00,short,136.44,132.419714,8.3,8,2.785556268763693,time_stop,33.36837379999999,0.7760322131,32.59234158689999,0.3282050959798916,9963.072393882265
MU,2026-06-26 02:15:00+00:00,2026-06-26 04:15:00+00:00,long,1149.72,1154.85344,0.55,8,-2.706306255681895,time_stop,2.8233920000000357,0.4440538960000001,2.3793381040000354,0.02388156996089928,9965.451731986264
MSTR,2026-06-26 03:00:00+00:00,2026-06-26 05:00:00+00:00,long,82.39,84.39467400000001,8.92,8,-2.740060740730409,time_stop,17.881692080000075,0.52338400604,17.358308073960075,0.17418485925976487,9982.810040060225
MU,2026-06-29 00:30:00+00:00,2026-06-29 02:30:00+00:00,long,1132.2,1143.35689,2.05,8,-3.844887823545258,time_stop,22.87162449999995,1.63614281225,21.23548168774995,0.21272048253481382,10004.045521747976
INTC,2026-06-29 00:30:00+00:00,2026-06-29 02:30:00+00:00,long,127.05999999999999,128.06157,27.38,8,-3.9512669041952977,time_stop,27.422986600000026,2.4489434532999996,24.974043146700026,0.24963943928892068,10029.019564894676
COIN,2026-06-29 00:30:00+00:00,2026-06-29 02:30:00+00:00,long,147.95000000000002,148.44545300000001,20.95,8,-2.7107075416051094,time_stop,10.37974034999995,2.174876620175,8.20486372982495,0.08181122468386687,10037.2244286245
PLTR,2026-06-29 03:15:00+00:00,2026-06-29 05:15:00+00:00,short,114.39,115.064509,40.36,8,3.1618757827133512,time_stop,-27.22318324000002,3.24535787162,-30.46854111162002,-0.3035554433228452,10006.75588751288
SNDK,2026-06-30 04:30:00+00:00,2026-06-30 06:30:00+00:00,short,2116.4,2102.280495,0.61,8,3.3051560866714733,time_stop,8.612898050000071,0.899396350975,7.7135016990250715,0.07708294062264985,10014.469389211905
MU,2026-06-30 04:45:00+00:00,2026-06-30 06:45:00+00:00,short,1165.03,1152.315591,0.96,8,2.5188117641945467,time_stop,12.205832639999935,0.77679724368,11.429035396319934,0.11412522173797716,10025.898424608225
MU,2026-07-01 02:15:00+00:00,2026-07-01 04:15:00+00:00,long,1132.17,1141.087571,1.21,8,-2.603686106861238,time_stop,10.790260909999942,0.964343120455,9.825917789544942,0.09800535945414689,10035.72434239777
MSTR,2026-07-01 04:00:00+00:00,2026-07-01 06:00:00+00:00,short,88.25,87.34619599999999,19.2,8,2.9323873408475953,time_stop,17.353036800000154,1.1774034815999999,16.175633318400156,0.16118052635287328,10051.899975716171
MU,2026-07-02 00:15:00+00:00,2026-07-02 02:15:00+00:00,long,1011.85,1039.658009,0.83,8,-2.603116558225111,time_stop,23.080647469999974,0.599425173735,22.481222296264974,0.223651472364191,10074.381198012436
MSTR,2026-07-03 00:45:00+00:00,2026-07-03 02:45:00+00:00,short,102.21000000000001,102.080615,24.94,8,3.2075071620046014,time_stop,3.2268619000003347,1.7827687490500004,1.4440931509503343,0.014334311185636276,10075.825291163386
AMD,2026-07-03 04:30:00+00:00,2026-07-03 06:30:00+00:00,short,526.18,528.75858,4.81,8,2.5057281131599733,time_stop,-12.402969800000488,1.7778495449,-14.180819344900488,-0.1407410205627248,10061.644471818487
MU,2026-07-03 04:45:00+00:00,2026-07-03 06:45:00+00:00,short,1011.84,1016.434839,1.03,8,2.5850187174959607,time_stop,-4.732684169999978,0.731902982085,-5.464587152084978,-0.05431107377517324,10056.179884666402
SNDK,2026-07-03 05:00:00+00:00,2026-07-03 07:00:00+00:00,short,1832.83,1820.74606,0.47,8,2.6671772754381147,time_stop,5.679451799999992,0.6001613441,5.079290455899992,0.0505091447662433,10061.259175122303
MU,2026-07-06 00:15:00+00:00,2026-07-06 02:15:00+00:00,short,1048.66,1003.020816,2.32,8,2.681355820953931,time_stop,105.88290688000026,1.65008238656,104.23282449344026,1.035981905238747,10165.491999615742
INTC,2026-07-06 00:15:00+00:00,2026-07-06 02:15:00+00:00,short,125.16000000000001,121.846543,25.59,8,2.9435084297268825,time_stop,84.79136463000036,2.199595397685,82.59176923231536,0.812471931859642,10248.083768848057
SNDK,2026-07-06 00:15:00+00:00,2026-07-06 02:15:00+00:00,short,1918.19,1813.453873,0.88,8,5.342976491459063,time_stop,92.16779176000011,1.1355211441200002,91.03227061588011,0.8882857778016842,10339.116039463937
SNDK,2026-07-06 02:30:00+00:00,2026-07-06 04:30:00+00:00,long,1812.9,1855.5731610000003,0.52,8,-2.64450538473226,time_stop,22.190043720000087,0.6709906218600001,21.519053098140088,0.2081324265633816,10360.635092562077
SNDK,2026-07-07 00:45:00+00:00,2026-07-07 02:45:00+00:00,long,1675.34,1673.357842,0.5,8,-2.9491122058774226,time_stop,-0.9910790000000134,0.5858734605,-1.5769524605000134,-0.015220615786691599,10359.058140101577
SNDK,2026-07-07 03:00:00+00:00,2026-07-07 05:00:00+00:00,long,1673.85,1631.240481,0.68,8,-2.8516965429168737,time_stop,-28.974472919999908,0.7822653635400002,-29.756738283539907,-0.2872533186038101,10329.301401818037
MSTR,2026-07-07 03:00:00+00:00,2026-07-07 05:00:00+00:00,long,98.91,97.700681,9.08,8,-2.7062253319118703,time_stop,-10.980616519999941,0.62318165174,-11.60379817173994,-0.11233865409036843,10317.697603646297
MU,2026-07-08 00:45:00+00:00,2026-07-08 02:45:00+00:00,short,956.1,938.201376,1.02,8,2.6829610131492005,time_stop,18.25659648000004,0.67352710176,17.58306937824004,0.17041659926170105,10335.280673024537
SNDK,2026-07-08 00:45:00+00:00,2026-07-08 02:45:00+00:00,short,1677.78,1656.9869469999999,0.37,8,2.603897574913557,time_stop,7.693429610000037,0.43069830519499996,7.262731304805037,0.07027125372377194,10342.543404329343
MU,2026-07-09 00:15:00+00:00,2026-07-09 02:15:00+00:00,short,979.22,954.8163589999999,1.12,8,3.8433615998270865,time_stop,27.332077920000124,0.75404244104,26.578035478960125,0.25697775140914253,10369.121439808303
AMD,2026-07-09 00:15:00+00:00,2026-07-09 02:15:00+00:00,short,519.91,517.3051449999999,8.04,8,4.213592290974,time_stop,20.943034200000344,2.9155819628999993,18.027452237100345,0.17385708463101598,10387.148892045403
INTC,2026-07-09 00:15:00+00:00,2026-07-09 02:15:00+00:00,short,111.49000000000001,111.383405,12.01,8,3.321219717847131,time_stop,1.2802059500001546,0.9366563270250001,0.34354962297515446,0.0033074487190440554,10387.492441668379
AMD,2026-07-13 00:15:00+00:00,2026-07-13 02:15:00+00:00,short,563.66,553.7960889999999,6.41,8,2.9463054109379723,time_stop,63.2276695100002,2.497528585245,60.7301409247552,0.5846467881039543,10448.222582593135
SNDK,2026-07-13 00:30:00+00:00,2026-07-13 02:30:00+00:00,long,1913.99,1834.8993650000002,0.8,8,-3.0640836189167926,time_stop,-63.27250799999984,1.0401981460000003,-64.31270614599984,-0.615537290075975,10383.909876447135
INTC,2026-07-13 00:45:00+00:00,2026-07-13 02:45:00+00:00,long,109.21,106.82794200000001,26.69,8,-4.302600132015877,time_stop,-63.57712801999964,2.00858186599,-65.58570988598964,-0.6316090053396135,10318.324166561146
MU,2026-07-13 01:00:00+00:00,2026-07-13 03:00:00+00:00,long,962.94,926.571945,1.97,8,-3.283396958937569,time_stop,-71.64506835000005,1.292071725825,-72.93714007582504,-0.7068700197673018,10245.387026485321
AMD,2026-07-13 03:00:00+00:00,2026-07-13 05:00:00+00:00,long,550.27,545.516296,3.95,8,-2.669972098510623,time_stop,-18.777130799999885,1.5121079846,-20.289238784599885,-0.19803291698156675,10225.09778770072
COIN,2026-07-13 03:15:00+00:00,2026-07-13 05:15:00+00:00,long,156.63,155.9532,13.44,8,-3.162764840155622,time_stop,-9.09619199999981,1.469026944,-10.56521894399981,-0.10332633646504784,10214.53256875672
INTC,2026-07-13 04:00:00+00:00,2026-07-13 06:00:00+00:00,long,106.47999999999999,105.578317,8.68,8,-2.5326285104118913,time_stop,-7.826608439999925,0.6430591757799999,-8.469667615779924,-0.0829178188895904,10206.06290114094
MU,2026-07-14 01:00:00+00:00,2026-07-14 03:00:00+00:00,short,946.55,916.624905,1.81,8,2.9783809312521266,time_stop,54.1644219499999,1.172196639025,52.992225310974895,0.5192229934723493,10259.055126451914
MSTR,2026-07-14 01:00:00+00:00,2026-07-14 03:00:00+00:00,short,92.91000000000001,91.977585,29.12,8,2.8296247334598967,time_stop,27.151924800000174,1.8803014776000002,25.271623322400174,0.24633480384796744,10284.326749774315
MU,2026-07-15 00:30:00+00:00,2026-07-15 02:30:00+00:00,short,1004.8199999999999,998.6995199999999,1.61,8,3.3801028259483874,time_stop,9.85397280000007,1.1275051536,8.72646764640007,0.08485210416512262,10293.053217420715
INTC,2026-07-15 02:00:00+00:00,2026-07-15 04:00:00+00:00,short,110.07000000000001,110.873252,18.63,8,2.9369127429065385,time_stop,-14.964584759999743,1.4429051623799998,-16.407489922379742,-0.15940352756177836,10276.645727498335
MU,2026-07-17 00:15:00+00:00,2026-07-17 02:15:00+00:00,long,827.13,823.3129319999999,1.39,8,-3.1187230740516583,time_stop,-5.305724520000087,0.80214462774,-6.107869147740087,-0.05943446246664512,10270.537858350595
INTC,2026-07-17 00:30:00+00:00,2026-07-17 02:30:00+00:00,long,94.14,93.302001,11.35,8,-2.5661039926632663,time_stop,-9.511288649999958,0.7431866556750001,-10.254475305674958,-0.09984360553558957,10260.28338304492
MSTR,2026-07-17 02:00:00+00:00,2026-07-17 04:00:00+00:00,long,92.63,92.192334,20.57,8,-2.640350546279711,time_stop,-9.002789619999856,1.3292779751900001,-10.332067595189855,-0.10069963186653849,10249.95131544973
AMD,2026-07-17 02:30:00+00:00,2026-07-17 04:30:00+00:00,long,487.94,485.65426,3.52,8,-3.0851964656680333,time_stop,-8.045804799999914,1.1982612576,-9.244066057599914,-0.09018643867767794,10240.707249392131
INTC,2026-07-17 04:00:00+00:00,2026-07-17 06:00:00+00:00,long,93.94999999999999,93.202031,19.13,8,-2.7403376813238176,time_stop,-14.308646969999682,1.250930126515,-15.559577096514682,-0.15193850109755133,10225.147672295616
MU,2026-07-20 00:15:00+00:00,2026-07-20 02:15:00+00:00,short,880.39,852.3056149999999,1.92,8,4.924239317404963,time_stop,53.922019200000214,1.1562831504,52.765736049600214,0.5160388655565885,10277.913408345215
AMD,2026-07-20 00:15:00+00:00,2026-07-20 02:15:00+00:00,short,509.53,499.09968499999997,2.9,8,4.883233522988085,time_stop,30.24791350000002,1.0192219432499998,29.22869155675002,0.28438351633725195,10307.142099901965
INTC,2026-07-20 00:15:00+00:00,2026-07-20 02:15:00+00:00,short,96.45,94.738413,13.05,8,3.093378183123655,time_stop,22.336210350000115,0.869902644825,21.466307705175115,0.20826634092275964,10328.60840760714
INTC,2026-07-20 04:45:00+00:00,2026-07-20 06:45:00+00:00,short,96.61,95.40861399999999,19.15,8,2.659584571341605,time_stop,23.006541900000258,1.2835537790499998,21.72298812095026,0.2103186340664346,10350.33139572809
SNDK,2026-07-21 03:45:00+00:00,2026-07-21 05:45:00+00:00,short,1470.84,1471.951453,0.47,8,2.673851439965497,time_stop,-0.522382909999992,0.48416755145499996,-1.006550461454992,-0.009724813853500647,10349.324845266634
INTC,2026-07-22 00:15:00+00:00,2026-07-22 02:15:00+00:00,short,108.16000000000001,106.241863,17.59,8,4.875706217078549,time_stop,33.740029830000275,1.314904065085,32.42512576491527,0.3133066770026571,10381.74997103155
MSTR,2026-07-23 00:30:00+00:00,2026-07-23 02:30:00+00:00,short,100.76,99.409814,46.41,8,3.276841851974101,time_stop,62.66213226000036,3.2420590538699994,59.42007320613036,0.5723512256790199,10441.17004423768
MU,2026-07-23 01:15:00+00:00,2026-07-23 03:15:00+00:00,short,992.51,971.271294,1.53,8,2.5085455222339244,time_stop,32.49522017999997,1.04673059991,31.44848958008997,0.30119698699329106,10472.618533817771
MU,2026-07-24 02:45:00+00:00,2026-07-24 04:45:00+00:00,long,968.15,972.748088,1.74,8,-3.1710142869558724,time_stop,8.000673120000132,1.18320703656,6.817466083440132,0.06509800831019898,10479.43599990121
SNDK,2026-07-24 02:45:00+00:00,2026-07-24 04:45:00+00:00,long,1578.3700000000001,1574.437527,1.1,8,-3.9317284651226534,time_stop,-4.32572030000008,1.2131820398500002,-5.538902339850081,-0.05285496604876728,10473.897097561361
SNDK,2026-07-28 03:15:00+00:00,2026-07-28 05:15:00+00:00,long,1223.25,1214.93541,0.94,8,-2.514560741328306,time_stop,-7.815714599999955,0.8009906427,-8.616705242699956,-0.0822683778772868,10465.28039231866
INTC,2026-07-29 04:00:00+00:00,2026-07-29 06:00:00+00:00,long,83.14999999999999,84.984497,8.46,8,-2.6770004826390847,time_stop,15.519844620000113,0.5001742223100001,15.019670397690113,0.14351904425527193,10480.300062716351
ORCL,2026-07-31 00:15:00+00:00,2026-07-31 02:15:00+00:00,short,129.92,129.40881100000001,16.47,8,3.013366394640562,time_stop,8.41928282999956,1.493638038585,6.92564479141456,0.06608250479442405,10487.225707507765
SNDK,2026-07-31 00:15:00+00:00,2026-07-31 02:15:00+00:00,short,1369.51,1343.252855,0.46,8,3.1938637201496505,time_stop,12.078286700000017,0.43494307665000004,11.643343623350017,0.1110240586794522,10498.869051131114
AMD,2026-07-31 01:00:00+00:00,2026-07-31 03:00:00+00:00,short,509.45,496.158803,1.93,8,3.0587921342011426,time_stop,25.65201021000002,0.675440944895,24.97656926510502,0.2378977120627495,10523.84562039622
INTC,2026-08-03 00:15:00+00:00,2026-08-03 02:15:00+00:00,long,92.19,92.34228900000001,32.94,8,-3.2848119418001933,time_stop,5.01639966000034,2.12822521983,2.8881744401703404,0.02744409737988537,10526.73379483639
MU,2026-08-03 00:30:00+00:00,2026-08-03 02:30:00+00:00,long,840.4,842.297235,2.35,8,-2.629019833668468,time_stop,4.458502250000055,1.3846872511250001,3.0738149988750543,0.029200082939143317,10529.807609835265
AMD,2026-08-03 00:30:00+00:00,2026-08-03 02:30:00+00:00,long,484.14,488.403435,5.67,8,-2.8147118429608082,time_stop,24.173676450000087,1.933638498225,22.240037951775086,0.21121029724229715,10552.04764778704
SNDK,2026-08-03 01:00:00+00:00,2026-08-03 03:00:00+00:00,short,1260.01,1256.046701,1.8,8,2.759377324638979,time_stop,7.133938200000012,1.5840456309,5.549892569100011,0.05259540853441774,10557.59754035614
SNDK,2026-08-05 05:00:00+00:00,2026-08-05 07:00:00+00:00,short,1442.82,1448.9045409999999,1.28,8,2.6207757948701875,time_stop,-7.788212479999929,1.29666082624,-9.08487330623993,-0.08605057420983551,10548.512667049901
ORCL,2026-08-06 01:00:00+00:00,2026-08-06 03:00:00+00:00,long,141.73000000000002,142.147343,14.82,8,-2.8263288454171107,time_stop,6.185023259999826,1.4733995316300001,4.711623728369826,0.04466623757382779,10553.224290778271
